SLUG,URL,PAGE_FOUND
bell-206,https://globalmilitary.net/aircraft/bell-206/,1
cessna-208,https://globalmilitary.net/aircraft/cessna-208/,1
cessna-210,https://globalmilitary.net/aircraft/cessna-210/,1
bell-407,https://globalmilitary.net/aircraft/bell-407/,1
cessna-421,https://globalmilitary.net/aircraft/cessna-421/,1
bell-429,https://globalmilitary.net/aircraft/bell-429/,1
cessna-441,https://globalmilitary.net/aircraft/cessna-441/,1
citation,https://globalmilitary.net/aircraft/citation/,1
bell-505,https://globalmilitary.net/aircraft/bell-505/,1
a1-skyraider,https://globalmilitary.net/aircraft/a1-skyraider/,1
a10-thunderbolt-ii,https://globalmilitary.net/aircraft/a10-thunderbolt-ii/,1
a3-skywarrior,https://globalmilitary.net/aircraft/a3-skywarrior/,1
a37-dragonfly,https://globalmilitary.net/aircraft/a37-dragonfly/,1
a4-skyhawk,https://globalmilitary.net/aircraft/a4-skyhawk/,1
a-40-mermaid,https://globalmilitary.net/aircraft/a-40-mermaid/,1
a5-vigilante,https://globalmilitary.net/aircraft/a5-vigilante/,1
a-50-mainstay,https://globalmilitary.net/aircraft/a-50-mainstay/,1
a6-intruder,https://globalmilitary.net/aircraft/a6-intruder/,1
a7-corsair-ii,https://globalmilitary.net/aircraft/a7-corsair-ii/,1
a1-cm-furia,https://globalmilitary.net/aircraft/a1-cm-furia/,1
aw129,https://globalmilitary.net/aircraft/aw129/,1
a400m-atlas,https://globalmilitary.net/aircraft/a400m-atlas/,1
a900,https://globalmilitary.net/aircraft/a900/,1
ac-130-spectre,https://globalmilitary.net/aircraft/ac-130-spectre/,1
ah-1-cobra,https://globalmilitary.net/aircraft/ah-1-cobra/,1
ah-1w-super-cobra,https://globalmilitary.net/aircraft/ah-1w-super-cobra/,1
ah-1z-viper,https://globalmilitary.net/aircraft/ah-1z-viper/,1
ah-2-rooivalk,https://globalmilitary.net/aircraft/ah-2-rooivalk/,1
ah-6-little-bird,https://globalmilitary.net/aircraft/ah-6-little-bird/,1
ah-64-apache,https://globalmilitary.net/aircraft/ah-64-apache/,1
amca,https://globalmilitary.net/aircraft/amca/,1
amx,https://globalmilitary.net/aircraft/amx/,1
an-bk-1-horlytsia,https://globalmilitary.net/aircraft/an-bk-1-horlytsia/,1
aq-400-scythe,https://globalmilitary.net/aircraft/aq-400-scythe/,1
aqm-34-lightning-bug,https://globalmilitary.net/aircraft/aqm-34-lightning-bug/,1
as-202-bravo,https://globalmilitary.net/aircraft/as-202-bravo/,1
as-332-super-puma,https://globalmilitary.net/aircraft/as-332-super-puma/,1
as-565-panther,https://globalmilitary.net/aircraft/as-565-panther/,1
asn-209,https://globalmilitary.net/aircraft/asn-209/,1
at-3-tsu-chiang,https://globalmilitary.net/aircraft/at-3-tsu-chiang/,1
atl-2-atlantique,https://globalmilitary.net/aircraft/atl-2-atlantique/,1
atr-42,https://globalmilitary.net/aircraft/atr-42/,1
atr-72,https://globalmilitary.net/aircraft/atr-72/,1
av-8b-harrier-ii,https://globalmilitary.net/aircraft/av-8b-harrier-ii/,1
aw101,https://globalmilitary.net/aircraft/aw101/,1
aw109,https://globalmilitary.net/aircraft/aw109/,1
aw119,https://globalmilitary.net/aircraft/aw119/,1
aw139,https://globalmilitary.net/aircraft/aw139/,1
aw149,https://globalmilitary.net/aircraft/aw149/,2
aw159,https://globalmilitary.net/aircraft/aw159/,2
aw169,https://globalmilitary.net/aircraft/aw169/,2
aw249,https://globalmilitary.net/aircraft/aw249/,2
aw609,https://globalmilitary.net/aircraft/aw609/,2
aarok,https://globalmilitary.net/aircraft/aarok/,2
ababil-3,https://globalmilitary.net/aircraft/ababil-3/,2
m345,https://globalmilitary.net/aircraft/m345/,2
s211,https://globalmilitary.net/aircraft/s211/,2
aerosonde,https://globalmilitary.net/aircraft/aerosonde/,2
aerostar,https://globalmilitary.net/aircraft/aerostar/,2
at-500,https://globalmilitary.net/aircraft/at-500/,2
at-802,https://globalmilitary.net/aircraft/at-802/,2
a310mrtt,https://globalmilitary.net/aircraft/a310mrtt/,2
a319-cj,https://globalmilitary.net/aircraft/a319-cj/,2
a321,https://globalmilitary.net/aircraft/a321/,2
a330,https://globalmilitary.net/aircraft/a330/,2
a330-mrtt,https://globalmilitary.net/aircraft/a330-mrtt/,2
a350,https://globalmilitary.net/aircraft/a350/,2
hal-ajeet,https://globalmilitary.net/aircraft/hal-ajeet/,2
ch2000,https://globalmilitary.net/aircraft/ch2000/,2
alphajet,https://globalmilitary.net/aircraft/alphajet/,2
an-12-cub,https://globalmilitary.net/aircraft/an-12-cub/,2
an-124-condor,https://globalmilitary.net/aircraft/an-124-condor/,2
an-140,https://globalmilitary.net/aircraft/an-140/,2
an-148,https://globalmilitary.net/aircraft/an-148/,2
an-178,https://globalmilitary.net/aircraft/an-178/,2
liutyi,https://globalmilitary.net/aircraft/liutyi/,2
an-2-colt,https://globalmilitary.net/aircraft/an-2-colt/,2
an-22-cock,https://globalmilitary.net/aircraft/an-22-cock/,2
an-225-cossack,https://globalmilitary.net/aircraft/an-225-cossack/,2
an-24-coke,https://globalmilitary.net/aircraft/an-24-coke/,2
an-26-curl,https://globalmilitary.net/aircraft/an-26-curl/,2
an-28-cash,https://globalmilitary.net/aircraft/an-28-cash/,2
an-30-clank,https://globalmilitary.net/aircraft/an-30-clank/,2
an-32-cline,https://globalmilitary.net/aircraft/an-32-cline/,2
an-71-madcap,https://globalmilitary.net/aircraft/an-71-madcap/,2
an-72-74-coaler,https://globalmilitary.net/aircraft/an-72-74-coaler/,2
ansat,https://globalmilitary.net/aircraft/ansat/,2
arava,https://globalmilitary.net/aircraft/arava/,2
archytas,https://globalmilitary.net/aircraft/archytas/,2
cheetah,https://globalmilitary.net/aircraft/cheetah/,2
oryx,https://globalmilitary.net/aircraft/oryx/,2
hesa-azarakhsh,https://globalmilitary.net/aircraft/hesa-azarakhsh/,2
b1a,https://globalmilitary.net/aircraft/b1a/,2
b1b-lancer,https://globalmilitary.net/aircraft/b1b-lancer/,2
b2-spirit,https://globalmilitary.net/aircraft/b2-spirit/,2
b21-raider,https://globalmilitary.net/aircraft/b21-raider/,2
b36-peacemaker,https://globalmilitary.net/aircraft/b36-peacemaker/,3
b47-stratojet,https://globalmilitary.net/aircraft/b47-stratojet/,3
b52-stratofortress,https://globalmilitary.net/aircraft/b52-stratofortress/,3
b58-hustler,https://globalmilitary.net/aircraft/b58-hustler/,3
gcap-tempest,https://globalmilitary.net/aircraft/gcap-tempest/,3
bae-146,https://globalmilitary.net/aircraft/bae-146/,3
bd-700-global-express,https://globalmilitary.net/aircraft/bd-700-global-express/,3
bn-2b-defender,https://globalmilitary.net/aircraft/bn-2b-defender/,3
bqm-167-skeeter,https://globalmilitary.net/aircraft/bqm-167-skeeter/,3
bqm-74-chukar,https://globalmilitary.net/aircraft/bqm-74-chukar/,3
bzk-005,https://globalmilitary.net/aircraft/bzk-005/,3
bayraktar-akinci,https://globalmilitary.net/aircraft/bayraktar-akinci/,3
bayraktar-kizilelma,https://globalmilitary.net/aircraft/bayraktar-kizilelma/,3
bayraktar-tb2,https://globalmilitary.net/aircraft/bayraktar-tb2/,3
bayraktar-tb3,https://globalmilitary.net/aircraft/bayraktar-tb3/,3
be-12,https://globalmilitary.net/aircraft/be-12/,3
be-200,https://globalmilitary.net/aircraft/be-200/,3
be-6-madge,https://globalmilitary.net/aircraft/be-6-madge/,3
beechcraft-1900,https://globalmilitary.net/aircraft/beechcraft-1900/,3
beechcraft-390,https://globalmilitary.net/aircraft/beechcraft-390/,3
beechcraft-baron,https://globalmilitary.net/aircraft/beechcraft-baron/,3
beechcraft-bonanza,https://globalmilitary.net/aircraft/beechcraft-bonanza/,3
bell-214,https://globalmilitary.net/aircraft/bell-214/,3
bell-412,https://globalmilitary.net/aircraft/bell-412/,3
bell-430,https://globalmilitary.net/aircraft/bell-430/,3
bell-47,https://globalmilitary.net/aircraft/bell-47/,3
bird-eye,https://globalmilitary.net/aircraft/bird-eye/,3
black-hornet,https://globalmilitary.net/aircraft/black-hornet/,3
bober,https://globalmilitary.net/aircraft/bober/,3
boeing-707,https://globalmilitary.net/aircraft/boeing-707/,3
boeing-727,https://globalmilitary.net/aircraft/boeing-727/,3
boeing-737,https://globalmilitary.net/aircraft/boeing-737/,3
boeing-747,https://globalmilitary.net/aircraft/boeing-747/,3
boeing-757,https://globalmilitary.net/aircraft/boeing-757/,3
boeing-767,https://globalmilitary.net/aircraft/boeing-767/,3
buccaneer,https://globalmilitary.net/aircraft/buccaneer/,3
burraq,https://globalmilitary.net/aircraft/burraq/,3
c101-aviojet,https://globalmilitary.net/aircraft/c101-aviojet/,3
c130-hercules,https://globalmilitary.net/aircraft/c130-hercules/,3
c141-starlifter,https://globalmilitary.net/aircraft/c141-starlifter/,3
c160,https://globalmilitary.net/aircraft/c160/,3
c17-globemaster-iii,https://globalmilitary.net/aircraft/c17-globemaster-iii/,3
c2-greyhound,https://globalmilitary.net/aircraft/c2-greyhound/,3
c212,https://globalmilitary.net/aircraft/c212/,3
c-23-sherpa,https://globalmilitary.net/aircraft/c-23-sherpa/,3
c27j-spartan,https://globalmilitary.net/aircraft/c27j-spartan/,3
c295-persuader,https://globalmilitary.net/aircraft/c295-persuader/,3
c32,https://globalmilitary.net/aircraft/c32/,3
c390-millennium,https://globalmilitary.net/aircraft/c390-millennium/,4
c5-galaxy,https://globalmilitary.net/aircraft/c5-galaxy/,4
cf-100-canuck,https://globalmilitary.net/aircraft/cf-100-canuck/,4
cf-105-arrow,https://globalmilitary.net/aircraft/cf-105-arrow/,4
ch-3-rainbow,https://globalmilitary.net/aircraft/ch-3-rainbow/,4
ch-4-rainbow,https://globalmilitary.net/aircraft/ch-4-rainbow/,4
ch-46-sea-knight,https://globalmilitary.net/aircraft/ch-46-sea-knight/,4
ch-47-chinook,https://globalmilitary.net/aircraft/ch-47-chinook/,4
ch-5-rainbow,https://globalmilitary.net/aircraft/ch-5-rainbow/,4
ch-53-sea-stallion,https://globalmilitary.net/aircraft/ch-53-sea-stallion/,4
ch-54-tarhe,https://globalmilitary.net/aircraft/ch-54-tarhe/,4
ch-7-rainbow,https://globalmilitary.net/aircraft/ch-7-rainbow/,4
ch-92-rainbow,https://globalmilitary.net/aircraft/ch-92-rainbow/,4
ch-95-rainbow,https://globalmilitary.net/aircraft/ch-95-rainbow/,4
cl-215,https://globalmilitary.net/aircraft/cl-215/,4
cl-41-tutor,https://globalmilitary.net/aircraft/cl-41-tutor/,4
cl-415,https://globalmilitary.net/aircraft/cl-415/,4
challenger-600,https://globalmilitary.net/aircraft/challenger-600/,4
cm-170-magister,https://globalmilitary.net/aircraft/cm-170-magister/,4
cn-235,https://globalmilitary.net/aircraft/cn-235/,4
ct-4-airtrainer,https://globalmilitary.net/aircraft/ct-4-airtrainer/,4
b250,https://globalmilitary.net/aircraft/b250/,4
cl-289,https://globalmilitary.net/aircraft/cl-289/,4
cessna-340,https://globalmilitary.net/aircraft/cessna-340/,4
cessna-402,https://globalmilitary.net/aircraft/cessna-402/,4
cessna-404,https://globalmilitary.net/aircraft/cessna-404/,4
sr-20,https://globalmilitary.net/aircraft/sr-20/,4
sr-22,https://globalmilitary.net/aircraft/sr-22/,4
commander-500,https://globalmilitary.net/aircraft/commander-500/,4
crecerelle,https://globalmilitary.net/aircraft/crecerelle/,4
da-42,https://globalmilitary.net/aircraft/da-42/,4
dh-110-sea-vixen,https://globalmilitary.net/aircraft/dh-110-sea-vixen/,4
dhc-2-beaver,https://globalmilitary.net/aircraft/dhc-2-beaver/,4
dhc-3-otter,https://globalmilitary.net/aircraft/dhc-3-otter/,4
dhc-4-caribou,https://globalmilitary.net/aircraft/dhc-4-caribou/,4
dhc-5-buffalo,https://globalmilitary.net/aircraft/dhc-5-buffalo/,4
dhc-6-twin-otter,https://globalmilitary.net/aircraft/dhc-6-twin-otter/,4
dhc-7-dash-7,https://globalmilitary.net/aircraft/dhc-7-dash-7/,4
dhc-8-dash-8,https://globalmilitary.net/aircraft/dhc-8-dash-8/,4
seeker,https://globalmilitary.net/aircraft/seeker/,4
dhruv,https://globalmilitary.net/aircraft/dhruv/,4
da-62,https://globalmilitary.net/aircraft/da-62/,4
dornier-128,https://globalmilitary.net/aircraft/dornier-128/,4
dornier-228,https://globalmilitary.net/aircraft/dornier-228/,4
dornier-328,https://globalmilitary.net/aircraft/dornier-328/,4
dc-3,https://globalmilitary.net/aircraft/dc-3/,4
e2-hawkeye,https://globalmilitary.net/aircraft/e2-hawkeye/,4
e3-sentry-awacs,https://globalmilitary.net/aircraft/e3-sentry-awacs/,4
e4-noac,https://globalmilitary.net/aircraft/e4-noac/,5
e6-mercury,https://globalmilitary.net/aircraft/e6-mercury/,5
e7-wedgetail,https://globalmilitary.net/aircraft/e7-wedgetail/,5
e8-joint-stars,https://globalmilitary.net/aircraft/e8-joint-stars/,5
ea-18g-growler,https://globalmilitary.net/aircraft/ea-18g-growler/,5
ea-37b-compass-call,https://globalmilitary.net/aircraft/ea-37b-compass-call/,5
ea-6b-prowler,https://globalmilitary.net/aircraft/ea-6b-prowler/,5
ec-130-commando-solo,https://globalmilitary.net/aircraft/ec-130-commando-solo/,5
ec-130h-compass-call,https://globalmilitary.net/aircraft/ec-130h-compass-call/,5
ec-135-aria,https://globalmilitary.net/aircraft/ec-135-aria/,5
tiger,https://globalmilitary.net/aircraft/tiger/,5
ef-111-raven,https://globalmilitary.net/aircraft/ef-111-raven/,5
emb-110,https://globalmilitary.net/aircraft/emb-110/,5
emb-120,https://globalmilitary.net/aircraft/emb-120/,5
emb-121-xingu,https://globalmilitary.net/aircraft/emb-121-xingu/,5
emb-312,https://globalmilitary.net/aircraft/emb-312/,5
emb-314-super-tucano,https://globalmilitary.net/aircraft/emb-314-super-tucano/,5
luna,https://globalmilitary.net/aircraft/luna/,5
erj-135,https://globalmilitary.net/aircraft/erj-135/,5
eitan,https://globalmilitary.net/aircraft/eitan/,5
skylark,https://globalmilitary.net/aircraft/skylark/,5
eleron-3,https://globalmilitary.net/aircraft/eleron-3/,5
lightning,https://globalmilitary.net/aircraft/lightning/,5
enstrom-480,https://globalmilitary.net/aircraft/enstrom-480/,5
enstrom-f-28,https://globalmilitary.net/aircraft/enstrom-f-28/,5
eurodrone,https://globalmilitary.net/aircraft/eurodrone/,5
f100-super-sabre,https://globalmilitary.net/aircraft/f100-super-sabre/,5
f101-voodoo,https://globalmilitary.net/aircraft/f101-voodoo/,5
f102-delta-dagger,https://globalmilitary.net/aircraft/f102-delta-dagger/,5
f104-starfighter,https://globalmilitary.net/aircraft/f104-starfighter/,5
f105-thunderchief,https://globalmilitary.net/aircraft/f105-thunderchief/,5
f106-delta-dart,https://globalmilitary.net/aircraft/f106-delta-dart/,5
f111-aardvark,https://globalmilitary.net/aircraft/f111-aardvark/,5
f117-nighthawk,https://globalmilitary.net/aircraft/f117-nighthawk/,5
f14-tomcat,https://globalmilitary.net/aircraft/f14-tomcat/,5
f15-eagle,https://globalmilitary.net/aircraft/f15-eagle/,5
f15e-strike-eagle,https://globalmilitary.net/aircraft/f15e-strike-eagle/,5
f15ex-eagle-ii,https://globalmilitary.net/aircraft/f15ex-eagle-ii/,5
f15i-raam,https://globalmilitary.net/aircraft/f15i-raam/,5
f16-fighting-falcon,https://globalmilitary.net/aircraft/f16-fighting-falcon/,5
f16i-sufa,https://globalmilitary.net/aircraft/f16i-sufa/,5
f16v-viper,https://globalmilitary.net/aircraft/f16v-viper/,5
f22-raptor,https://globalmilitary.net/aircraft/f22-raptor/,5
f35-lightning-ii,https://globalmilitary.net/aircraft/f35-lightning-ii/,5
f4-phantom-ii,https://globalmilitary.net/aircraft/f4-phantom-ii/,5
f47,https://globalmilitary.net/aircraft/f47/,5
f5-freedom-fighter,https://globalmilitary.net/aircraft/f5-freedom-fighter/,5
f5e-tiger-ii,https://globalmilitary.net/aircraft/f5e-tiger-ii/,5
f8-crusader,https://globalmilitary.net/aircraft/f8-crusader/,6
f84-thunderjet,https://globalmilitary.net/aircraft/f84-thunderjet/,6
f84f-thunderstreak,https://globalmilitary.net/aircraft/f84f-thunderstreak/,6
f86-sabre,https://globalmilitary.net/aircraft/f86-sabre/,6
fck-1-ching-kuo,https://globalmilitary.net/aircraft/fck-1-ching-kuo/,6
fa-18ef-super-hornet,https://globalmilitary.net/aircraft/fa-18ef-super-hornet/,6
fa-18-hornet,https://globalmilitary.net/aircraft/fa-18-hornet/,6
f27-friendship,https://globalmilitary.net/aircraft/f27-friendship/,6
f28-fellowship,https://globalmilitary.net/aircraft/f28-fellowship/,6
f406-caravan-ii,https://globalmilitary.net/aircraft/f406-caravan-ii/,6
fa-50-fighting-eagle,https://globalmilitary.net/aircraft/fa-50-fighting-eagle/,6
fp-1,https://globalmilitary.net/aircraft/fp-1/,6
fq-42-dark-merlin,https://globalmilitary.net/aircraft/fq-42-dark-merlin/,6
fq-44-fury,https://globalmilitary.net/aircraft/fq-44-fury/,6
ft5-los,https://globalmilitary.net/aircraft/ft5-los/,6
metroliner,https://globalmilitary.net/aircraft/metroliner/,6
gannet,https://globalmilitary.net/aircraft/gannet/,6
falcon-10,https://globalmilitary.net/aircraft/falcon-10/,6
falcon-20,https://globalmilitary.net/aircraft/falcon-20/,6
falcon-2000,https://globalmilitary.net/aircraft/falcon-2000/,6
falcon-50,https://globalmilitary.net/aircraft/falcon-50/,6
falcon-7x,https://globalmilitary.net/aircraft/falcon-7x/,6
falcon-8x,https://globalmilitary.net/aircraft/falcon-8x/,6
falcon-900,https://globalmilitary.net/aircraft/falcon-900/,6
flyeye,https://globalmilitary.net/aircraft/flyeye/,6
fokker-f50,https://globalmilitary.net/aircraft/fokker-f50/,6
forpost,https://globalmilitary.net/aircraft/forpost/,6
fotros,https://globalmilitary.net/aircraft/fotros/,6
fuji-t-1,https://globalmilitary.net/aircraft/fuji-t-1/,6
fuji-t3,https://globalmilitary.net/aircraft/fuji-t3/,6
fuji-t-5,https://globalmilitary.net/aircraft/fuji-t-5/,6
fuji-t-7,https://globalmilitary.net/aircraft/fuji-t-7/,6
g2-galeb,https://globalmilitary.net/aircraft/g2-galeb/,6
g222,https://globalmilitary.net/aircraft/g222/,6
g91-gina,https://globalmilitary.net/aircraft/g91-gina/,6
nomad,https://globalmilitary.net/aircraft/nomad/,6
phoenix,https://globalmilitary.net/aircraft/phoenix/,6
gj-11-sharp-sword,https://globalmilitary.net/aircraft/gj-11-sharp-sword/,6
gnat-750,https://globalmilitary.net/aircraft/gnat-750/,6
garpiya-a1,https://globalmilitary.net/aircraft/garpiya-a1/,6
geran-5,https://globalmilitary.net/aircraft/geran-5/,6
gerbera,https://globalmilitary.net/aircraft/gerbera/,6
ga8-airvan,https://globalmilitary.net/aircraft/ga8-airvan/,6
globaleye,https://globalmilitary.net/aircraft/globaleye/,6
g-115,https://globalmilitary.net/aircraft/g-115/,6
g-120,https://globalmilitary.net/aircraft/g-120/,6
cabri-g2,https://globalmilitary.net/aircraft/cabri-g2/,6
gulfstream-g100,https://globalmilitary.net/aircraft/gulfstream-g100/,6
gulfstream-g550,https://globalmilitary.net/aircraft/gulfstream-g550/,7
gulfstream-g650,https://globalmilitary.net/aircraft/gulfstream-g650/,7
gulfstream-ii,https://globalmilitary.net/aircraft/gulfstream-ii/,7
gulfstream-iii,https://globalmilitary.net/aircraft/gulfstream-iii/,7
gulfstream-iv,https://globalmilitary.net/aircraft/gulfstream-iv/,7
gulfstream-v,https://globalmilitary.net/aircraft/gulfstream-v/,7
h-19-chickasaw,https://globalmilitary.net/aircraft/h-19-chickasaw/,7
h-5,https://globalmilitary.net/aircraft/h-5/,7
h-6,https://globalmilitary.net/aircraft/h-6/,7
h120,https://globalmilitary.net/aircraft/h120/,7
h125m,https://globalmilitary.net/aircraft/h125m/,7
h135m,https://globalmilitary.net/aircraft/h135m/,7
h145m,https://globalmilitary.net/aircraft/h145m/,7
h155,https://globalmilitary.net/aircraft/h155/,7
h160m,https://globalmilitary.net/aircraft/h160m/,7
h175,https://globalmilitary.net/aircraft/h175/,7
h215m,https://globalmilitary.net/aircraft/h215m/,7
h225m,https://globalmilitary.net/aircraft/h225m/,7
hf-24-marut,https://globalmilitary.net/aircraft/hf-24-marut/,7
hh-3-jolly-green-giant,https://globalmilitary.net/aircraft/hh-3-jolly-green-giant/,7
hh-52-seaguard,https://globalmilitary.net/aircraft/hh-52-seaguard/,7
hh-60-pave-hawk,https://globalmilitary.net/aircraft/hh-60-pave-hawk/,7
hjt-16-kiran,https://globalmilitary.net/aircraft/hjt-16-kiran/,7
hpt-32-deepak,https://globalmilitary.net/aircraft/hpt-32-deepak/,7
hs-748,https://globalmilitary.net/aircraft/hs-748/,7
htt-40,https://globalmilitary.net/aircraft/htt-40/,7
harfang,https://globalmilitary.net/aircraft/harfang/,7
harrier,https://globalmilitary.net/aircraft/harrier/,7
hawk,https://globalmilitary.net/aircraft/hawk/,7
hawker-400,https://globalmilitary.net/aircraft/hawker-400/,7
hawker-800,https://globalmilitary.net/aircraft/hawker-800/,7
hermes-450,https://globalmilitary.net/aircraft/hermes-450/,7
hermes-900,https://globalmilitary.net/aircraft/hermes-900/,7
hurjet,https://globalmilitary.net/aircraft/hurjet/,7
hurkus,https://globalmilitary.net/aircraft/hurkus/,7
ia-58-pucara,https://globalmilitary.net/aircraft/ia-58-pucara/,7
ia-63-pampa,https://globalmilitary.net/aircraft/ia-63-pampa/,7
iai-harop,https://globalmilitary.net/aircraft/iai-harop/,7
iai-harpy,https://globalmilitary.net/aircraft/iai-harpy/,7
heron,https://globalmilitary.net/aircraft/heron/,7
iai-scout,https://globalmilitary.net/aircraft/iai-scout/,7
searcher,https://globalmilitary.net/aircraft/searcher/,7
iar-823,https://globalmilitary.net/aircraft/iar-823/,7
iar-93-j22-orao,https://globalmilitary.net/aircraft/iar-93-j22-orao/,7
iar-99-soim,https://globalmilitary.net/aircraft/iar-99-soim/,7
il-10-beast,https://globalmilitary.net/aircraft/il-10-beast/,7
il-112,https://globalmilitary.net/aircraft/il-112/,7
il-114,https://globalmilitary.net/aircraft/il-114/,7
il-14-crate,https://globalmilitary.net/aircraft/il-14-crate/,8
il-18-coot,https://globalmilitary.net/aircraft/il-18-coot/,8
il-2-sturmovik,https://globalmilitary.net/aircraft/il-2-sturmovik/,8
il-20,https://globalmilitary.net/aircraft/il-20/,8
il-276,https://globalmilitary.net/aircraft/il-276/,8
il-28-beagle,https://globalmilitary.net/aircraft/il-28-beagle/,8
il-38-may,https://globalmilitary.net/aircraft/il-38-may/,8
il-62-classic,https://globalmilitary.net/aircraft/il-62-classic/,8
il-76-candid,https://globalmilitary.net/aircraft/il-76-candid/,8
il-78-midas,https://globalmilitary.net/aircraft/il-78-midas/,8
il-80,https://globalmilitary.net/aircraft/il-80/,8
il-86-camber,https://globalmilitary.net/aircraft/il-86-camber/,8
il-96,https://globalmilitary.net/aircraft/il-96/,8
iomax-archangel,https://globalmilitary.net/aircraft/iomax-archangel/,8
italmas,https://globalmilitary.net/aircraft/italmas/,8
j10-vigorous-dragon,https://globalmilitary.net/aircraft/j10-vigorous-dragon/,8
j11-flanker-l,https://globalmilitary.net/aircraft/j11-flanker-l/,8
j12,https://globalmilitary.net/aircraft/j12/,8
j-15-flanker-k,https://globalmilitary.net/aircraft/j-15-flanker-k/,8
j-16-flanker-n,https://globalmilitary.net/aircraft/j-16-flanker-n/,8
j20-kraguj,https://globalmilitary.net/aircraft/j20-kraguj/,8
j20-mighty-dragon,https://globalmilitary.net/aircraft/j20-mighty-dragon/,8
j21-jastreb,https://globalmilitary.net/aircraft/j21-jastreb/,8
j29-tunnan,https://globalmilitary.net/aircraft/j29-tunnan/,8
j35-draken,https://globalmilitary.net/aircraft/j35-draken/,8
j36,https://globalmilitary.net/aircraft/j36/,8
j5-fresco,https://globalmilitary.net/aircraft/j5-fresco/,8
j50,https://globalmilitary.net/aircraft/j50/,8
j6-farmer,https://globalmilitary.net/aircraft/j6-farmer/,8
j7-fishcan,https://globalmilitary.net/aircraft/j7-fishcan/,8
j8-finback,https://globalmilitary.net/aircraft/j8-finback/,8
ja-37-viggen,https://globalmilitary.net/aircraft/ja-37-viggen/,8
jas-39-gripen,https://globalmilitary.net/aircraft/jas-39-gripen/,8
jf-17-thunder,https://globalmilitary.net/aircraft/jf-17-thunder/,8
jh-7-flounder,https://globalmilitary.net/aircraft/jh-7-flounder/,8
jl-10,https://globalmilitary.net/aircraft/jl-10/,8
jl-8,https://globalmilitary.net/aircraft/jl-8/,8
jl-9,https://globalmilitary.net/aircraft/jl-9/,8
jaguar,https://globalmilitary.net/aircraft/jaguar/,8
jasoos-ii,https://globalmilitary.net/aircraft/jasoos-ii/,8
jetstream-31,https://globalmilitary.net/aircraft/jetstream-31/,8
jetstream-41,https://globalmilitary.net/aircraft/jetstream-41/,8
kaan,https://globalmilitary.net/aircraft/kaan/,8
kc-10-extender,https://globalmilitary.net/aircraft/kc-10-extender/,8
kc-130-hercules,https://globalmilitary.net/aircraft/kc-130-hercules/,8
kc-135-stratotanker,https://globalmilitary.net/aircraft/kc-135-stratotanker/,8
kc-46-pegasus,https://globalmilitary.net/aircraft/kc-46-pegasus/,8
kc-767,https://globalmilitary.net/aircraft/kc-767/,8
kf-21-boramae,https://globalmilitary.net/aircraft/kf-21-boramae/,9
kj-200,https://globalmilitary.net/aircraft/kj-200/,9
kj-2000,https://globalmilitary.net/aircraft/kj-2000/,9
kj-500,https://globalmilitary.net/aircraft/kj-500/,9
kq-200,https://globalmilitary.net/aircraft/kq-200/,9
kt-1-woongbi,https://globalmilitary.net/aircraft/kt-1-woongbi/,9
kt-100,https://globalmilitary.net/aircraft/kt-100/,9
kub-bla,https://globalmilitary.net/aircraft/kub-bla/,9
kuh-1-surion,https://globalmilitary.net/aircraft/kuh-1-surion/,9
kus-fs,https://globalmilitary.net/aircraft/kus-fs/,9
kzo,https://globalmilitary.net/aircraft/kzo/,9
ka-22-hoop,https://globalmilitary.net/aircraft/ka-22-hoop/,9
ka-226-hoodlum-c,https://globalmilitary.net/aircraft/ka-226-hoodlum-c/,9
ka-25-hormone,https://globalmilitary.net/aircraft/ka-25-hormone/,9
ka-26,https://globalmilitary.net/aircraft/ka-26/,9
ka-27-helix,https://globalmilitary.net/aircraft/ka-27-helix/,9
ka-29-helix-b,https://globalmilitary.net/aircraft/ka-29-helix-b/,9
ka-31,https://globalmilitary.net/aircraft/ka-31/,9
ka-50-hokum,https://globalmilitary.net/aircraft/ka-50-hokum/,9
ka-52-hokum-b,https://globalmilitary.net/aircraft/ka-52-hokum-b/,9
ka-60-kasatka,https://globalmilitary.net/aircraft/ka-60-kasatka/,9
kaman-22,https://globalmilitary.net/aircraft/kaman-22/,9
karayel,https://globalmilitary.net/aircraft/karayel/,9
kargu,https://globalmilitary.net/aircraft/kargu/,9
karrar,https://globalmilitary.net/aircraft/karrar/,9
kawasaki-c1,https://globalmilitary.net/aircraft/kawasaki-c1/,9
c2-kawasaki,https://globalmilitary.net/aircraft/c2-kawasaki/,9
kawasaki-p1,https://globalmilitary.net/aircraft/kawasaki-p1/,9
kawasaki-t4,https://globalmilitary.net/aircraft/kawasaki-t4/,9
kfir,https://globalmilitary.net/aircraft/kfir/,9
king-air-350,https://globalmilitary.net/aircraft/king-air-350/,9
king-air,https://globalmilitary.net/aircraft/king-air/,9
korsar,https://globalmilitary.net/aircraft/korsar/,9
hesa-kowsar,https://globalmilitary.net/aircraft/hesa-kowsar/,9
kronshtadt-orion,https://globalmilitary.net/aircraft/kronshtadt-orion/,9
l159-alca,https://globalmilitary.net/aircraft/l159-alca/,9
l29-delfin,https://globalmilitary.net/aircraft/l29-delfin/,9
l39-albatros,https://globalmilitary.net/aircraft/l39-albatros/,9
l-70-vinka,https://globalmilitary.net/aircraft/l-70-vinka/,9
l-90-redigo,https://globalmilitary.net/aircraft/l-90-redigo/,9
la-7-fin,https://globalmilitary.net/aircraft/la-7-fin/,9
lakshya,https://globalmilitary.net/aircraft/lakshya/,9
lasta-95,https://globalmilitary.net/aircraft/lasta-95/,9
learjet-35,https://globalmilitary.net/aircraft/learjet-35/,9
learjet-45,https://globalmilitary.net/aircraft/learjet-45/,9
leleka-100,https://globalmilitary.net/aircraft/leleka-100/,9
falco,https://globalmilitary.net/aircraft/falco/,9
l410,https://globalmilitary.net/aircraft/l410/,9
m18-dromader,https://globalmilitary.net/aircraft/m18-dromader/,10
m346-master,https://globalmilitary.net/aircraft/m346-master/,10
m4-bison,https://globalmilitary.net/aircraft/m4-bison/,10
m-50-bounder,https://globalmilitary.net/aircraft/m-50-bounder/,10
m-55-mystic,https://globalmilitary.net/aircraft/m-55-mystic/,10
m28-skytruck,https://globalmilitary.net/aircraft/m28-skytruck/,10
mb-326k,https://globalmilitary.net/aircraft/mb-326k/,10
mb-339,https://globalmilitary.net/aircraft/mb-339/,10
bo-105,https://globalmilitary.net/aircraft/bo-105/,10
md-450-ouragan,https://globalmilitary.net/aircraft/md-450-ouragan/,10
md-500,https://globalmilitary.net/aircraft/md-500/,10
md-900,https://globalmilitary.net/aircraft/md-900/,10
mfi-15-safari,https://globalmilitary.net/aircraft/mfi-15-safari/,10
mh-53j-pave-low-iii,https://globalmilitary.net/aircraft/mh-53j-pave-low-iii/,10
mq-1-predator,https://globalmilitary.net/aircraft/mq-1-predator/,10
mq-1c-gray-eagle,https://globalmilitary.net/aircraft/mq-1c-gray-eagle/,10
mq-20-avenger,https://globalmilitary.net/aircraft/mq-20-avenger/,10
mq-25-stingray,https://globalmilitary.net/aircraft/mq-25-stingray/,10
mq-28-ghost-bat,https://globalmilitary.net/aircraft/mq-28-ghost-bat/,10
mq-4-triton,https://globalmilitary.net/aircraft/mq-4-triton/,10
mq-8-fire-scout,https://globalmilitary.net/aircraft/mq-8-fire-scout/,10
mq-9-reaper,https://globalmilitary.net/aircraft/mq-9-reaper/,10
mq-9b-skyguardian,https://globalmilitary.net/aircraft/mq-9b-skyguardian/,10
mqm-107-streaker,https://globalmilitary.net/aircraft/mqm-107-streaker/,10
ms-733-alcyon,https://globalmilitary.net/aircraft/ms-733-alcyon/,10
mv-75-cheyenne-ii,https://globalmilitary.net/aircraft/mv-75-cheyenne-ii/,10
dc-10,https://globalmilitary.net/aircraft/dc-10/,10
meraj-521,https://globalmilitary.net/aircraft/meraj-521/,10
mi-1-hare,https://globalmilitary.net/aircraft/mi-1-hare/,10
mi-10,https://globalmilitary.net/aircraft/mi-10/,10
mi-14-haze,https://globalmilitary.net/aircraft/mi-14-haze/,10
mi-17-hip-h,https://globalmilitary.net/aircraft/mi-17-hip-h/,10
mi-2-hoplite,https://globalmilitary.net/aircraft/mi-2-hoplite/,10
mi-24-hind,https://globalmilitary.net/aircraft/mi-24-hind/,10
mi-26-halo,https://globalmilitary.net/aircraft/mi-26-halo/,10
mi-28-havoc,https://globalmilitary.net/aircraft/mi-28-havoc/,10
mi-34-hermit,https://globalmilitary.net/aircraft/mi-34-hermit/,10
mi-35m,https://globalmilitary.net/aircraft/mi-35m/,10
mi-38,https://globalmilitary.net/aircraft/mi-38/,10
mi-4-hound,https://globalmilitary.net/aircraft/mi-4-hound/,10
mi-6-hook,https://globalmilitary.net/aircraft/mi-6-hook/,10
mi-8-hip,https://globalmilitary.net/aircraft/mi-8-hip/,10
mig-15-fagot,https://globalmilitary.net/aircraft/mig-15-fagot/,10
mig-17-fresco,https://globalmilitary.net/aircraft/mig-17-fresco/,10
mig-19-farmer,https://globalmilitary.net/aircraft/mig-19-farmer/,10
mig-21-fishbed,https://globalmilitary.net/aircraft/mig-21-fishbed/,10
mig-23-flogger,https://globalmilitary.net/aircraft/mig-23-flogger/,10
mig-25-foxbat,https://globalmilitary.net/aircraft/mig-25-foxbat/,10
mig-27-flogger,https://globalmilitary.net/aircraft/mig-27-flogger/,11
mig-29-fulcrum,https://globalmilitary.net/aircraft/mig-29-fulcrum/,11
mig-29k-fulcrum-d,https://globalmilitary.net/aircraft/mig-29k-fulcrum-d/,11
mig-31-foxhound,https://globalmilitary.net/aircraft/mig-31-foxhound/,11
mig-35,https://globalmilitary.net/aircraft/mig-35/,11
mig-9-fargo,https://globalmilitary.net/aircraft/mig-9-fargo/,11
mirage-2000,https://globalmilitary.net/aircraft/mirage-2000/,11
mirage-4000,https://globalmilitary.net/aircraft/mirage-4000/,11
mirage-f1,https://globalmilitary.net/aircraft/mirage-f1/,11
mirage-f2-f3,https://globalmilitary.net/aircraft/mirage-f2-f3/,11
mirage-g,https://globalmilitary.net/aircraft/mirage-g/,11
mirage-i-md550,https://globalmilitary.net/aircraft/mirage-i-md550/,11
mirage-iii-5-50,https://globalmilitary.net/aircraft/mirage-iii-5-50/,11
mirage-iv,https://globalmilitary.net/aircraft/mirage-iv/,11
f1-t2,https://globalmilitary.net/aircraft/f1-t2/,11
mitsubishi-f2,https://globalmilitary.net/aircraft/mitsubishi-f2/,11
mohajer-10,https://globalmilitary.net/aircraft/mohajer-10/,11
mohajer-4,https://globalmilitary.net/aircraft/mohajer-4/,11
mohajer-6,https://globalmilitary.net/aircraft/mohajer-6/,11
cap-10,https://globalmilitary.net/aircraft/cap-10/,11
cap-232,https://globalmilitary.net/aircraft/cap-232/,11
mystere-iv,https://globalmilitary.net/aircraft/mystere-iv/,11
ys-11,https://globalmilitary.net/aircraft/ys-11/,11
albatross,https://globalmilitary.net/aircraft/albatross/,11
nh-90,https://globalmilitary.net/aircraft/nh-90/,11
nagastra-1,https://globalmilitary.net/aircraft/nagastra-1/,11
cj-6,https://globalmilitary.net/aircraft/cj-6/,11
nesher,https://globalmilitary.net/aircraft/nesher/,11
nishant,https://globalmilitary.net/aircraft/nishant/,11
o2-skymaster,https://globalmilitary.net/aircraft/o2-skymaster/,11
oh-1-ninja,https://globalmilitary.net/aircraft/oh-1-ninja/,11
oh-58-kiowa,https://globalmilitary.net/aircraft/oh-58-kiowa/,11
oh-6-cayuse,https://globalmilitary.net/aircraft/oh-6-cayuse/,11
ov-1-mohawk,https://globalmilitary.net/aircraft/ov-1-mohawk/,11
ov-10-bronco,https://globalmilitary.net/aircraft/ov-10-bronco/,11
orbiter,https://globalmilitary.net/aircraft/orbiter/,11
orlan-10,https://globalmilitary.net/aircraft/orlan-10/,11
orlan-30,https://globalmilitary.net/aircraft/orlan-30/,11
p3-orion,https://globalmilitary.net/aircraft/p3-orion/,11
p8-poseidon,https://globalmilitary.net/aircraft/p8-poseidon/,11
p180-avanti,https://globalmilitary.net/aircraft/p180-avanti/,11
pa-31-navajo,https://globalmilitary.net/aircraft/pa-31-navajo/,11
pa-32-cherokee-six,https://globalmilitary.net/aircraft/pa-32-cherokee-six/,11
pa-34-seneca,https://globalmilitary.net/aircraft/pa-34-seneca/,11
pa-44-seminole,https://globalmilitary.net/aircraft/pa-44-seminole/,11
pc-12-eagle,https://globalmilitary.net/aircraft/pc-12-eagle/,11
pc-6-porter,https://globalmilitary.net/aircraft/pc-6-porter/,11
pc-7-turbo-trainer,https://globalmilitary.net/aircraft/pc-7-turbo-trainer/,11
pd-2,https://globalmilitary.net/aircraft/pd-2/,12
pz-130-orlik,https://globalmilitary.net/aircraft/pz-130-orlik/,12
p750,https://globalmilitary.net/aircraft/p750/,12
palianytsia,https://globalmilitary.net/aircraft/palianytsia/,12
pe-2-buck,https://globalmilitary.net/aircraft/pe-2-buck/,12
pegasus-ii,https://globalmilitary.net/aircraft/pegasus-ii/,12
phenom-100,https://globalmilitary.net/aircraft/phenom-100/,12
pc-21,https://globalmilitary.net/aircraft/pc-21/,12
pc-24,https://globalmilitary.net/aircraft/pc-24/,12
pc-9,https://globalmilitary.net/aircraft/pc-9/,12
virus-sw80,https://globalmilitary.net/aircraft/virus-sw80/,12
po-2-mule,https://globalmilitary.net/aircraft/po-2-mule/,12
prachand,https://globalmilitary.net/aircraft/prachand/,12
q5-a5-fantan,https://globalmilitary.net/aircraft/q5-a5-fantan/,12
qh-50-dash,https://globalmilitary.net/aircraft/qh-50-dash/,12
kodiak,https://globalmilitary.net/aircraft/kodiak/,12
r4,https://globalmilitary.net/aircraft/r4/,12
r-99-erieye,https://globalmilitary.net/aircraft/r-99-erieye/,12
rc-135-rivet-joint,https://globalmilitary.net/aircraft/rc-135-rivet-joint/,12
rq-101,https://globalmilitary.net/aircraft/rq-101/,12
rq-11-raven,https://globalmilitary.net/aircraft/rq-11-raven/,12
rq-16-t-hawk,https://globalmilitary.net/aircraft/rq-16-t-hawk/,12
rq-170-sentinel,https://globalmilitary.net/aircraft/rq-170-sentinel/,12
rq-180,https://globalmilitary.net/aircraft/rq-180/,12
rq-2-pioneer,https://globalmilitary.net/aircraft/rq-2-pioneer/,12
rq-20-puma,https://globalmilitary.net/aircraft/rq-20-puma/,12
rq-21-blackjack,https://globalmilitary.net/aircraft/rq-21-blackjack/,12
rq-4-global-hawk,https://globalmilitary.net/aircraft/rq-4-global-hawk/,12
rq-5-hunter,https://globalmilitary.net/aircraft/rq-5-hunter/,12
rq-7-shadow,https://globalmilitary.net/aircraft/rq-7-shadow/,12
ranger,https://globalmilitary.net/aircraft/ranger/,12
rafale,https://globalmilitary.net/aircraft/rafale/,12
r22,https://globalmilitary.net/aircraft/r22/,12
r44-raven,https://globalmilitary.net/aircraft/r44-raven/,12
s100-camcopter,https://globalmilitary.net/aircraft/s100-camcopter/,12
s2-tracker,https://globalmilitary.net/aircraft/s2-tracker/,12
s3-viking,https://globalmilitary.net/aircraft/s3-viking/,12
s-70-okhotnik,https://globalmilitary.net/aircraft/s-70-okhotnik/,12
s76-spirit,https://globalmilitary.net/aircraft/s76-spirit/,12
s92-superhawk,https://globalmilitary.net/aircraft/s92-superhawk/,12
s-333,https://globalmilitary.net/aircraft/s-333/,12
sa-315-lama,https://globalmilitary.net/aircraft/sa-315-lama/,12
sa-315-alouette-ii,https://globalmilitary.net/aircraft/sa-315-alouette-ii/,12
sa-316-alouette-iii,https://globalmilitary.net/aircraft/sa-316-alouette-iii/,12
super-frelon,https://globalmilitary.net/aircraft/super-frelon/,12
sa-330-puma,https://globalmilitary.net/aircraft/sa-330-puma/,12
sa-340-gazelle,https://globalmilitary.net/aircraft/sa-340-gazelle/,12
saab-105,https://globalmilitary.net/aircraft/saab-105/,12
sh-2-seasprite,https://globalmilitary.net/aircraft/sh-2-seasprite/,13
sh-3-sea-king,https://globalmilitary.net/aircraft/sh-3-sea-king/,13
sh-5,https://globalmilitary.net/aircraft/sh-5/,13
sh-60-seahawk,https://globalmilitary.net/aircraft/sh-60-seahawk/,13
sf-260,https://globalmilitary.net/aircraft/sf-260/,13
sm-1019,https://globalmilitary.net/aircraft/sm-1019/,13
sirtap,https://globalmilitary.net/aircraft/sirtap/,13
so-4050-vautour,https://globalmilitary.net/aircraft/so-4050-vautour/,13
sr-71-blackbird,https://globalmilitary.net/aircraft/sr-71-blackbird/,13
sw-4-puszczyk,https://globalmilitary.net/aircraft/sw-4-puszczyk/,13
saab-340,https://globalmilitary.net/aircraft/saab-340/,13
saegheh,https://globalmilitary.net/aircraft/saegheh/,13
hesa-saeqeh,https://globalmilitary.net/aircraft/hesa-saeqeh/,13
patroller,https://globalmilitary.net/aircraft/patroller/,13
samad,https://globalmilitary.net/aircraft/samad/,13
scaneagle,https://globalmilitary.net/aircraft/scaneagle/,13
bulldog,https://globalmilitary.net/aircraft/bulldog/,13
sea-harrier,https://globalmilitary.net/aircraft/sea-harrier/,13
shahed-129,https://globalmilitary.net/aircraft/shahed-129/,13
shahed-131,https://globalmilitary.net/aircraft/shahed-131/,13
shahed-136,https://globalmilitary.net/aircraft/shahed-136/,13
shahed-238,https://globalmilitary.net/aircraft/shahed-238/,13
shahed-101,https://globalmilitary.net/aircraft/shahed-101/,13
shahed-107,https://globalmilitary.net/aircraft/shahed-107/,13
shahed-149-gaza,https://globalmilitary.net/aircraft/shahed-149-gaza/,13
shahed-171-simorgh,https://globalmilitary.net/aircraft/shahed-171-simorgh/,13
shahpar,https://globalmilitary.net/aircraft/shahpar/,13
shahpar-2,https://globalmilitary.net/aircraft/shahpar-2/,13
shenyang-j35,https://globalmilitary.net/aircraft/shenyang-j35/,13
shinmaywa-us-2,https://globalmilitary.net/aircraft/shinmaywa-us-2/,13
short-330,https://globalmilitary.net/aircraft/short-330/,13
short-360,https://globalmilitary.net/aircraft/short-360/,13
short-skyvan,https://globalmilitary.net/aircraft/short-skyvan/,13
skeldar-v-200,https://globalmilitary.net/aircraft/skeldar-v-200/,13
socata-tbm,https://globalmilitary.net/aircraft/socata-tbm/,13
sokil-300,https://globalmilitary.net/aircraft/sokil-300/,13
g4-super-galeb,https://globalmilitary.net/aircraft/g4-super-galeb/,13
sokol-altius,https://globalmilitary.net/aircraft/sokol-altius/,13
sperwer,https://globalmilitary.net/aircraft/sperwer/,13
strikemaster,https://globalmilitary.net/aircraft/strikemaster/,13
su-11-fishpot,https://globalmilitary.net/aircraft/su-11-fishpot/,13
su-15-flagon,https://globalmilitary.net/aircraft/su-15-flagon/,13
su-17-20-22-fitter,https://globalmilitary.net/aircraft/su-17-20-22-fitter/,13
su-24-fencer,https://globalmilitary.net/aircraft/su-24-fencer/,13
su-25-frogfoot,https://globalmilitary.net/aircraft/su-25-frogfoot/,13
su-27-flanker,https://globalmilitary.net/aircraft/su-27-flanker/,13
su-30-flanker-c,https://globalmilitary.net/aircraft/su-30-flanker-c/,13
su-33-flanker-d,https://globalmilitary.net/aircraft/su-33-flanker-d/,13
su-34-fullback,https://globalmilitary.net/aircraft/su-34-fullback/,14
su-35-flanker-e,https://globalmilitary.net/aircraft/su-35-flanker-e/,14
su-37-super-flanker,https://globalmilitary.net/aircraft/su-37-super-flanker/,14
su-47-berkut,https://globalmilitary.net/aircraft/su-47-berkut/,14
su-57-felon,https://globalmilitary.net/aircraft/su-57-felon/,14
su-7-fitter,https://globalmilitary.net/aircraft/su-7-fitter/,14
su-75-checkmate,https://globalmilitary.net/aircraft/su-75-checkmate/,14
su-9-su-11-fishpot,https://globalmilitary.net/aircraft/su-9-su-11-fishpot/,14
super-etendard,https://globalmilitary.net/aircraft/super-etendard/,14
super-mystere-b2,https://globalmilitary.net/aircraft/super-mystere-b2/,14
switchblade-300,https://globalmilitary.net/aircraft/switchblade-300/,14
switchblade-600,https://globalmilitary.net/aircraft/switchblade-600/,14
t2-buckeye,https://globalmilitary.net/aircraft/t2-buckeye/,14
t-23-uirapuru,https://globalmilitary.net/aircraft/t-23-uirapuru/,14
t-25-universal,https://globalmilitary.net/aircraft/t-25-universal/,14
t28-trojan,https://globalmilitary.net/aircraft/t28-trojan/,14
t33-shooting-star,https://globalmilitary.net/aircraft/t33-shooting-star/,14
t34-mentor,https://globalmilitary.net/aircraft/t34-mentor/,14
t35-pillan,https://globalmilitary.net/aircraft/t35-pillan/,14
t37-tweet,https://globalmilitary.net/aircraft/t37-tweet/,14
t38-talon,https://globalmilitary.net/aircraft/t38-talon/,14
t41-mescalero,https://globalmilitary.net/aircraft/t41-mescalero/,14
t45-goshawk,https://globalmilitary.net/aircraft/t45-goshawk/,14
t5-brave-eagle,https://globalmilitary.net/aircraft/t5-brave-eagle/,14
t50-golden-eagle,https://globalmilitary.net/aircraft/t50-golden-eagle/,14
t6-texan-ii,https://globalmilitary.net/aircraft/t6-texan-ii/,14
t67-firefly,https://globalmilitary.net/aircraft/t67-firefly/,14
t7-red-hawk,https://globalmilitary.net/aircraft/t7-red-hawk/,14
t-ch-1-chung-hsing,https://globalmilitary.net/aircraft/t-ch-1-chung-hsing/,14
t129,https://globalmilitary.net/aircraft/t129/,14
tai-aksungur,https://globalmilitary.net/aircraft/tai-aksungur/,14
tai-anka,https://globalmilitary.net/aircraft/tai-anka/,14
anka-3,https://globalmilitary.net/aircraft/anka-3/,14
tb-001,https://globalmilitary.net/aircraft/tb-001/,14
tb-30-epsilon,https://globalmilitary.net/aircraft/tb-30-epsilon/,14
th-55,https://globalmilitary.net/aircraft/th-55/,14
ts-11-iskra,https://globalmilitary.net/aircraft/ts-11-iskra/,14
mastiff,https://globalmilitary.net/aircraft/mastiff/,14
taranis,https://globalmilitary.net/aircraft/taranis/,14
tecnam-p2002,https://globalmilitary.net/aircraft/tecnam-p2002/,14
p2006t,https://globalmilitary.net/aircraft/p2006t/,14
tejas,https://globalmilitary.net/aircraft/tejas/,14
tornado,https://globalmilitary.net/aircraft/tornado/,14
tsaigumi,https://globalmilitary.net/aircraft/tsaigumi/,14
tu-123,https://globalmilitary.net/aircraft/tu-123/,14
tu-126,https://globalmilitary.net/aircraft/tu-126/,14
tu-128-fiddler,https://globalmilitary.net/aircraft/tu-128-fiddler/,14
tu-134-crusty,https://globalmilitary.net/aircraft/tu-134-crusty/,14
tu-141,https://globalmilitary.net/aircraft/tu-141/,15
tu-142,https://globalmilitary.net/aircraft/tu-142/,15
tu-143,https://globalmilitary.net/aircraft/tu-143/,15
tu-144-charger,https://globalmilitary.net/aircraft/tu-144-charger/,15
tu-154-careless,https://globalmilitary.net/aircraft/tu-154-careless/,15
tu-16-badger,https://globalmilitary.net/aircraft/tu-16-badger/,15
tu-160-blackjack,https://globalmilitary.net/aircraft/tu-160-blackjack/,15
tu-2-bat,https://globalmilitary.net/aircraft/tu-2-bat/,15
tu-214-mogul,https://globalmilitary.net/aircraft/tu-214-mogul/,15
tu-22-blinder,https://globalmilitary.net/aircraft/tu-22-blinder/,15
tu-22m-backfire,https://globalmilitary.net/aircraft/tu-22m-backfire/,15
tu-4-bull,https://globalmilitary.net/aircraft/tu-4-bull/,15
tu-95-bear,https://globalmilitary.net/aircraft/tu-95-bear/,15
typhoon,https://globalmilitary.net/aircraft/typhoon/,15
u2-dragon-lady,https://globalmilitary.net/aircraft/u2-dragon-lady/,15
punisher,https://globalmilitary.net/aircraft/punisher/,15
uh-1-huey,https://globalmilitary.net/aircraft/uh-1-huey/,15
uh-1n-twin-huey,https://globalmilitary.net/aircraft/uh-1n-twin-huey/,15
uh-1y-venom,https://globalmilitary.net/aircraft/uh-1y-venom/,15
uh-60-black-hawk,https://globalmilitary.net/aircraft/uh-60-black-hawk/,15
uh-72-lakota,https://globalmilitary.net/aircraft/uh-72-lakota/,15
uj-22-airborne,https://globalmilitary.net/aircraft/uj-22-airborne/,15
uj-25-skyline,https://globalmilitary.net/aircraft/uj-25-skyline/,15
utva-75,https://globalmilitary.net/aircraft/utva-75/,15
v-12-homer,https://globalmilitary.net/aircraft/v-12-homer/,15
v22-osprey,https://globalmilitary.net/aircraft/v22-osprey/,15
v-bat,https://globalmilitary.net/aircraft/v-bat/,15
vc-25-air-force-one,https://globalmilitary.net/aircraft/vc-25-air-force-one/,15
vh-60-white-hawk,https://globalmilitary.net/aircraft/vh-60-white-hawk/,15
valiant,https://globalmilitary.net/aircraft/valiant/,15
victor,https://globalmilitary.net/aircraft/victor/,15
vulcan,https://globalmilitary.net/aircraft/vulcan/,15
p68,https://globalmilitary.net/aircraft/p68/,15
w3-sokol,https://globalmilitary.net/aircraft/w3-sokol/,15
wj-700,https://globalmilitary.net/aircraft/wj-700/,15
wz-7-soaring-dragon,https://globalmilitary.net/aircraft/wz-7-soaring-dragon/,15
wz-8,https://globalmilitary.net/aircraft/wz-8/,15
warmate,https://globalmilitary.net/aircraft/warmate/,15
wasp-iii,https://globalmilitary.net/aircraft/wasp-iii/,15
watchkeeper,https://globalmilitary.net/aircraft/watchkeeper/,15
wessex,https://globalmilitary.net/aircraft/wessex/,15
lynx,https://globalmilitary.net/aircraft/lynx/,15
westland-scout,https://globalmilitary.net/aircraft/westland-scout/,15
westland-wasp,https://globalmilitary.net/aircraft/westland-wasp/,15
wing-loong-i,https://globalmilitary.net/aircraft/wing-loong-i/,15
wing-loong-ii,https://globalmilitary.net/aircraft/wing-loong-ii/,15
wing-loong-10,https://globalmilitary.net/aircraft/wing-loong-10/,15
wulung,https://globalmilitary.net/aircraft/wulung/,15
x31-efm-vector,https://globalmilitary.net/aircraft/x31-efm-vector/,16
x-47b,https://globalmilitary.net/aircraft/x-47b/,16
xq-58-valkyrie,https://globalmilitary.net/aircraft/xq-58-valkyrie/,16
y12,https://globalmilitary.net/aircraft/y12/,16
y20,https://globalmilitary.net/aircraft/y20/,16
y7,https://globalmilitary.net/aircraft/y7/,16
y8,https://globalmilitary.net/aircraft/y8/,16
y9,https://globalmilitary.net/aircraft/y9/,16
yf-23-black-widow-ii,https://globalmilitary.net/aircraft/yf-23-black-widow-ii/,16
yfq-48-talon-blue,https://globalmilitary.net/aircraft/yfq-48-talon-blue/,16
yabhon-united-40,https://globalmilitary.net/aircraft/yabhon-united-40/,16
yak-11-moose,https://globalmilitary.net/aircraft/yak-11-moose/,16
yak-130-mitten,https://globalmilitary.net/aircraft/yak-130-mitten/,16
yak-141-freestyle,https://globalmilitary.net/aircraft/yak-141-freestyle/,16
yak-15-feather,https://globalmilitary.net/aircraft/yak-15-feather/,16
yak-152,https://globalmilitary.net/aircraft/yak-152/,16
yak-18-max,https://globalmilitary.net/aircraft/yak-18-max/,16
yak-24-horse,https://globalmilitary.net/aircraft/yak-24-horse/,16
yak-25-flashlight,https://globalmilitary.net/aircraft/yak-25-flashlight/,16
yak-28-brewer-firebar,https://globalmilitary.net/aircraft/yak-28-brewer-firebar/,16
yak-36-freehand,https://globalmilitary.net/aircraft/yak-36-freehand/,16
yak-38-forger,https://globalmilitary.net/aircraft/yak-38-forger/,16
yak-40-codling,https://globalmilitary.net/aircraft/yak-40-codling/,16
yak-42-clobber,https://globalmilitary.net/aircraft/yak-42-clobber/,16
yak-52,https://globalmilitary.net/aircraft/yak-52/,16
yak-9-frank,https://globalmilitary.net/aircraft/yak-9-frank/,16
z10,https://globalmilitary.net/aircraft/z10/,16
z11,https://globalmilitary.net/aircraft/z11/,16
z18,https://globalmilitary.net/aircraft/z18/,16
z19,https://globalmilitary.net/aircraft/z19/,16
z20,https://globalmilitary.net/aircraft/z20/,16
z8,https://globalmilitary.net/aircraft/z8/,16
z9-haitun,https://globalmilitary.net/aircraft/z9-haitun/,16
zala-lancet,https://globalmilitary.net/aircraft/zala-lancet/,16
zdk-03-karakoram-eagle,https://globalmilitary.net/aircraft/zdk-03-karakoram-eagle/,16
zlin-42,https://globalmilitary.net/aircraft/zlin-42/,16
zlin-43,https://globalmilitary.net/aircraft/zlin-43/,16
neuron,https://globalmilitary.net/aircraft/neuron/,16
etendard-ivm,https://globalmilitary.net/aircraft/etendard-ivm/,16
