Rank,CODIGO ISO,NOMBRE,SLUG URL,Power Index,Aircraft,Warships,Active Troops,Defense Budget
01,🇺🇸,United States,usa,100.0,"12,996",553,"1,326,050",$920B
02,🇨🇳,China,chn,85.1,"3,921","1,033","2,035,000",$281B
03,🇷🇺,Russia,rus,82.7,"5,378",533,"1,100,000",$152B
04,🇮🇳,India,ind,69.0,"2,256",351,"1,475,750",$78B
05,🇫🇷,France,fra,64.1,"1,017",175,"270,000",$66B
06,🇰🇷,South Korea,kor,63.9,"1,552",156,"500,000",$43B
07,🇬🇧,United Kingdom,gbr,62.2,673,154,"144,400",$88B
08,🇯🇵,Japan,jpn,61.3,"1,400",158,"247,000",$56B
09,🇹🇷,Turkey,tur,58.2,"1,357",217,"355,200",$31B
10,🇩🇪,Germany,deu,57.8,654,90,"183,500",$112B
11,🇮🇱,Israel,isr,56.6,546,55,"169,500",$43B
12,🇹🇼,Taiwan,twn,56.4,714,107,"169,000",$18B
13,🇮🇹,Italy,ita,56.3,775,314,"165,500",$48B
14,🇸🇦,Saudi Arabia,sau,56.1,914,37,"257,000",$88B
15,🇵🇰,Pakistan,pak,54.3,"1,506",152,"660,000",$9.3B
16,🇩🇿,Algeria,dza,54.2,612,101,"130,000",$22B
17,🇪🇸,Spain,esp,52.8,489,94,"120,350",$35B
18,🇦🇺,Australia,aus,51.6,382,59,"58,600",$35B
19,🇦🇪,United Arab Emirates,are,51.2,592,86,"63,000",$22B
20,🇬🇷,Greece,grc,50.1,722,146,"142,700",$7.4B
21,🇧🇷,Brazil,bra,50.0,515,75,"366,500",$24B
22,🇵🇱,Poland,pol,49.8,479,59,"114,050",$41B
23,🇨🇦,Canada,can,49.5,360,102,"67,400",$45B
24,🇸🇬,Singapore,sgp,49.0,231,69,"51,000",$16B
25,🇺🇦,Ukraine,ukr,48.9,342,175,"1,000,000",$84B
26,🇻🇳,Vietnam,vnm,48.7,205,117,"450,000",$10B
27,🇰🇵,North Korea,prk,48.3,"1,131",395,"1,280,000",$1.6B
28,🇪🇬,Egypt,egy,48.2,"1,139",320,"438,500",$2.7B
29,🇮🇩,Indonesia,idn,47.2,483,372,"404,500",$11B
30,🇮🇷,Iran,irn,47.1,659,143,"610,000",$9.5B
31,🇶🇦,Qatar,qat,46.1,281,126,"16,500",$15B
32,🇸🇪,Sweden,swe,45.9,178,258,"29,750",$15B
33,🇲🇲,Myanmar,mmr,45.3,338,240,"201,000",$5B
34,🇳🇴,Norway,nor,45.2,111,73,"23,250",$16B
35,🇲🇽,Mexico,mex,45.1,431,204,"216,000",$17B
36,🇳🇱,Netherlands,nld,44.6,146,38,"35,400",$30B
37,🇫🇮,Finland,fin,44.2,164,206,"23,800",$8.4B
38,🇹🇭,Thailand,tha,44.2,481,308,"360,850",$5.8B
39,🇨🇴,Colombia,col,43.9,437,263,"257,450",$14B
40,🇲🇦,Morocco,mar,43.4,290,138,"195,800",$6.4B
41,🇰🇼,Kuwait,kwt,42.9,134,131,"17,500",$7.9B
42,🇩🇰,Denmark,dnk,42.8,123,109,"14,500",$14B
43,🇧🇩,Bangladesh,bgd,42.6,220,97,"163,050",$4.1B
44,🇨🇱,Chile,chl,42.2,277,76,"77,200",$5B
45,🇮🇶,Iraq,irq,41.8,396,62,"193,000",$7B
46,🇷🇴,Romania,rou,41.1,166,38,"69,300",$8.8B
47,🇵🇭,Philippines,phl,40.2,276,140,"150,000",$7.8B
48,🇦🇿,Azerbaijan,aze,39.6,210,26,"64,050",$3.8B
49,🇵🇪,Peru,per,38.7,255,79,"81,000",$2.3B
50,🇿🇦,South Africa,zaf,38.3,192,49,"65,350",$2.8B
51,🇧🇪,Belgium,bel,37.9,107,16,"26,300",$13B
52,🇵🇹,Portugal,prt,37.7,100,46,"27,250",$6.3B
53,🇲🇾,Malaysia,mys,37.7,164,109,"113,000",$4.2B
54,🇦🇷,Argentina,arg,36.7,241,44,"72,100",$3.8B
55,🇴🇲,Oman,omn,36.5,126,17,"42,600",$6.4B
56,🇨🇭,Switzerland,che,35.5,148,—,"19,550",$6.6B
57,🇪🇨,Ecuador,ecu,35.5,105,48,"40,250",$2.7B
58,🇧🇭,Bahrain,bhr,35.4,136,65,"8,200",$1.4B
59,🇯🇴,Jordan,jor,35.4,258,27,"100,500",$2.4B
60,🇧🇾,Belarus,blr,35.2,205,—,"45,350",$1.5B
61,🇳🇬,Nigeria,nga,34.8,182,160,"143,000",$1.5B
62,🇧🇬,Bulgaria,bgr,34.3,79,45,"36,950",$2.4B
63,🇷🇸,Serbia,srb,33.5,151,30,"28,150",$2.3B
64,🇭🇷,Croatia,hrv,33.1,67,34,"15,200",$1.9B
65,🇱🇰,Sri Lanka,lka,32.8,99,271,"265,900",$1.5B
66,🇹🇳,Tunisia,tun,32.3,174,66,"35,800",$1.3B
67,🇰🇿,Kazakhstan,kaz,32.0,186,11,"39,000",$2.6B
68,🇺🇿,Uzbekistan,uzb,31.6,196,—,"48,000",$1.4B
69,🇻🇪,Venezuela,ven,31.3,226,49,"123,000",$719M
70,🇦🇹,Austria,aut,30.9,89,—,"22,050",$5.3B
71,🇭🇺,Hungary,hun,30.6,86,—,"27,800",$4.7B
72,🇨🇿,Czechia,cze,30.0,114,—,"21,750",$6.9B
73,🇸🇾,Syria,syr,29.8,414,6,"169,000",$2.5B
74,🇰🇪,Kenya,ken,29.2,120,25,"24,100",$1.3B
75,🇸🇩,Sudan,sdn,28.3,184,—,"104,300",$375M
76,🇪🇹,Ethiopia,eth,28.3,99,—,"503,000",$1B
77,🇦🇲,Armenia,arm,27.9,69,—,"44,800",$1.4B
78,🇹🇲,Turkmenistan,tkm,27.8,92,45,"36,500",$112M
79,🇱🇾,Libya,lby,27.4,80,4,"32,000",$1.6B
80,🇸🇰,Slovakia,svk,26.7,51,—,"15,850",$2.8B
81,🇨🇺,Cuba,cub,26.6,20,33,"49,000",$129M
82,🇱🇧,Lebanon,lbn,26.1,64,48,"60,000",$828M
83,🇰🇭,Cambodia,khm,26.1,25,24,"124,300",$695M
84,🇹🇿,Tanzania,tza,25.6,43,—,"27,000",$1B
85,🇺🇬,Uganda,uga,25.2,51,—,"45,000",$1.3B
86,🇲🇳,Mongolia,mng,24.9,22,—,"9,700",$167M
87,🇨🇾,Cyprus,cyp,24.6,13,12,"15,000",$640M
88,🇱🇹,Lithuania,ltu,24.6,11,—,"19,850",$3.4B
89,🇬🇪,Georgia,geo,24.0,63,—,"20,650",$581M
90,🇾🇪,Yemen,yem,23.5,156,31,"40,000",$1.7B
91,🇨🇩,Congo Democratic Republic,cod,23.2,57,—,"134,250",$852M
92,🇹🇩,Chad,tcd,22.8,40,—,"33,250",$586M
93,🇧🇴,Bolivia,bol,22.7,70,—,"34,100",$659M
94,🇺🇾,Uruguay,ury,22.2,46,—,"21,000",$1.7B
95,🇪🇷,Eritrea,eri,22.0,20,23,"301,750",$182M
96,🇿🇲,Zambia,zmb,22.0,80,—,"15,100",$329M
97,🇸🇮,Slovenia,svn,21.7,39,—,"7,250",$1.5B
98,🇲🇱,Mali,mli,21.4,43,—,"13,000",$1.2B
99,🇰🇬,Kyrgyzstan,kgz,20.9,9,—,"10,900",$524M
100,🇩🇴,Dominican Republic,dom,20.6,77,—,"56,050",$994M
101,🇦🇴,Angola,ago,20.3,280,—,"107,000",$1B
102,🇦🇱,Albania,alb,19.9,19,—,"8,500",$541M
103,🇳🇿,New Zealand,nzl,19.6,47,8,"9,000",$3.1B
104,🇲🇿,Mozambique,moz,19.5,21,—,"11,200",$455M
105,🇿🇼,Zimbabwe,zwe,19.2,94,—,"29,000",$166M
106,🇳🇦,Namibia,nam,19.0,34,—,"9,900",$374M
107,🇹🇯,Tajikistan,tjk,19.0,26,—,"8,800",$256M
108,🇱🇦,Laos,lao,18.8,32,—,"29,100",$23M
109,🇬🇹,Guatemala,gtm,18.6,37,—,"18,050",$453M
110,🇦🇫,Afghanistan,afg,18.2,34,—,"170,000",$278M
111,🇧🇦,Bosnia and Herzegovina,bih,18.1,15,—,"10,500",$237M
112,🇮🇪,Ireland,irl,18.0,27,38,"9,500",$1.2B
113,🇸🇸,South Sudan,ssd,17.5,20,—,"185,000",$240M
114,🇲🇰,North Macedonia,mkd,17.4,20,—,"8,000",$339M
115,🇸🇻,El Salvador,slv,17.4,53,31,"24,500",$424M
116,🇨🇬,Congo,cog,17.1,14,—,"10,000",$189M
117,🇲🇷,Mauritania,mrt,17.0,23,—,"15,850",$262M
118,🇭🇳,Honduras,hnd,17.0,61,—,"14,950",$556M
119,🇳🇮,Nicaragua,nic,16.9,17,—,"12,000",$98M
120,🇷🇼,Rwanda,rwa,16.9,21,—,"33,000",$185M
121,🇨🇮,Ivory Coast,civ,16.6,17,—,"27,400",$697M
122,🇹🇬,Togo,tgo,15.8,18,—,"8,550",$234M
123,🇬🇳,Guinea,gin,15.6,7,—,"9,700",$525M
124,🇧🇫,Burkina Faso,bfa,15.3,26,—,"11,200",$1B
125,🇵🇾,Paraguay,pry,15.3,56,—,"13,950",$356M
126,🇪🇪,Estonia,est,15.0,5,8,"7,100",$1.5B
127,🇧🇼,Botswana,bwa,15.0,45,—,"9,000",$582M
128,🇨🇲,Cameroon,cmr,14.8,35,—,"25,400",$533M
129,🇬🇶,Equatorial Guinea,gnq,14.8,27,—,"2,400",$128M
130,🇧🇮,Burundi,bdi,14.3,13,—,"30,050",$108M
131,🇵🇦,Panama,pan,13.7,40,—,—,$952M
132,🇸🇳,Senegal,sen,13.7,40,—,"13,600",$525M
133,🇳🇵,Nepal,npl,13.5,22,—,"96,600",$429M
134,🇬🇭,Ghana,gha,13.4,20,—,"15,500",$329M
135,🇬🇦,Gabon,gab,13.2,25,—,"4,700",$313M
136,🇧🇳,Brunei,brn,13.2,26,—,"7,200",$560M
137,🇳🇪,Niger,ner,13.1,25,—,"5,300",$437M
138,🇱🇻,Latvia,lva,12.9,7,—,"6,210",$1.6B
139,🇲🇬,Madagascar,mdg,12.8,4,—,"13,500",$122M
140,🇯🇲,Jamaica,jam,12.7,17,—,"3,950",$308M
141,🇩🇯,Djibouti,dji,11.8,17,29,"10,450",$36M
142,🇨🇫,Central African Republic,caf,10.6,8,—,"9,150",$69M
143,🇲🇪,Montenegro,mne,10.5,11,—,"2,350",$165M
144,🇧🇯,Benin,ben,10.4,11,—,"7,250",$150M
145,🇲🇩,Moldova,mda,10.1,5,—,"5,150",$109M
146,🇹🇹,Trinidad and Tobago,tto,10.0,6,—,"4,050",$231M
147,🇬🇾,Guyana,guy,9.9,11,—,"3,400",$222M
148,🇲🇼,Malawi,mwi,9.8,11,—,"10,700",$90M
149,🇱🇺,Luxembourg,lux,9.0,1,—,900,$1.9B
150,🇲🇹,Malta,mlt,8.8,7,—,"1,950",$125M
151,🇵🇬,Papua New Guinea,png,8.0,3,—,"3,600",$95M
152,🇱🇸,Lesotho,lso,7.8,9,—,"2,000",$34M
153,🇧🇸,Bahamas,bhs,6.7,2,—,"1,300",$111M
154,🇸🇱,Sierra Leone,sle,6.6,1,—,"8,500",$35M
155,🇧🇿,Belize,blz,6.3,3,—,"1,500",$32M
156,🇬🇲,Gambia,gmb,5.8,1,—,800,$14M
157,🇸🇨,Seychelles,syc,5.7,4,—,420,$32M
158,🇸🇷,Suriname,sur,5.5,3,—,"1,840",—
159,🇦🇬,Antigua and Barbuda,atg,3.3,2,—,240,—
160,🇸🇿,Eswatini,swz,3.0,5,—,—,$68M
161,🇲🇻,Maldives,mdv,2.0,4,—,—,—
162,🇧🇹,Bhutan,btn,0.9,2,—,—,—
