Naval Base Name,Operated by,Homeported ships,Type,Established
Naval Base Name,Operated by,Homeported ships,Type,Established
Aksaz Naval Base,🇹🇷 Turkey,0,Main operating base,1992
Arsenal de La Carraca,🇪🇸 Spain,0,Shipyard & arsenal,1752
Baltiysk Naval Base,🇷🇺 Russia,0,Main operating base,1952
Bandar Abbas Naval Base,🇮🇷 Iran,0,Fleet headquarters,0
Bandar Anzali Naval Base,🇮🇷 Iran,0,Fleet headquarters,0
Bandar Mahshahr Naval Base,🇮🇷 Iran,0,Fleet headquarters,0
Bartın Naval Base,🇹🇷 Turkey,0,Submarine base,1965
Brest Naval Base,🇫🇷 France,0,Fleet headquarters,1631
British Defence Singapore Support Unit,🇬🇧 United Kingdom · in 🇸🇬 Singapore,0,Support & logistics,1938
Busan Naval Base,🇰🇷 South Korea,0,Fleet headquarters,2006
Bushehr Naval Base,🇮🇷 Iran,0,Fleet headquarters,0
CFB Esquimalt,🇨🇦 Canada,Victoria +2,Fleet headquarters,1860
CFB Halifax,🇨🇦 Canada,0,Fleet headquarters,1906
Camp Lemonnier,🇺🇸 United States · in 🇩🇯 Djibouti,0,Support & logistics,2002
Camp de la Paix,🇫🇷 France · in 🇦🇪 United Arab Emirates,0,Support & logistics,2009
Cartagena Naval Base,🇪🇸 Spain,Descubierta +2,Submarine base,1782
Chabahar Naval Base,🇮🇷 Iran,0,Main operating base,0
Cherbourg Naval Base,🇫🇷 France,Flamant,Main operating base,1813
Crete Naval Base,🇬🇷 Greece • 🇺🇸 United States,0,Main operating base,1951
Den Helder Naval Base,🇳🇱 Netherlands,0,Fleet headquarters,1954
Djibouti Naval Base,🇫🇷 France · in 🇩🇯 Djibouti,0,Support & logistics,1977
Dégrad des Cannes Naval Base,🇫🇷 France,Confiance,Main operating base,1974
East Cove Military Port,🇬🇧 United Kingdom,River,Main operating base,0
Eckernförde Naval Base,🇩🇪 Germany,Elbe,Submarine base,1957
Erdek Naval Base,🇹🇷 Turkey,0,Main operating base,0
Ferrol Naval Base,🇪🇸 Spain,Álvaro de Bazán +1,Main operating base,1726
Fiery Cross Reef,🇨🇳 China,0,Main operating base,1988
Fleet Activities Chinhae,🇺🇸 United States · in 🇰🇷 South Korea,0,Support & logistics,1946
Fleet Activities Sasebo,🇺🇸 United States · in 🇯🇵 Japan,America +3,Main operating base,1946
Fleet Activities Yokosuka,🇺🇸 United States · in 🇯🇵 Japan,Nimitz +2,Fleet headquarters,1870
Fokino Naval Base,🇷🇺 Russia,0,Main operating base,1963
Fort-de-France Naval Base,🇫🇷 France,Floreal +1,Main operating base,1638
Foça Naval Base,🇹🇷 Turkey,0,Main operating base,0
Gadzhiyevo Naval Base,🇷🇺 Russia,0,Submarine base,1957
Gölcük Naval Base,🇹🇷 Turkey,0,Fleet headquarters,1933
HM Naval Base Gibraltar,🇬🇧 United Kingdom · in 🇬🇮 Gibraltar,River,Main operating base,1895
HMAS Cairns,🇦🇺 Australia,Armidale,Main operating base,1974
HMAS Cerberus,🇦🇺 Australia,0,Support & logistics,1920
HMAS Coonawarra,🇦🇺 Australia,0,Main operating base,1970
HMAS Creswell,🇦🇺 Australia,0,Support & logistics,1915
HMAS Kuttabul,🇦🇺 Australia,0,Fleet headquarters,1856
HMAS Penguin,🇦🇺 Australia,0,Support & logistics,1942
HMAS Stirling,🇦🇺 Australia,Collins +1,Fleet headquarters,1978
HMAS Waterhen,🇦🇺 Australia,Huon,Main operating base,1962
HMAS Watson,🇦🇺 Australia,0,Support & logistics,1942
HMNB Clyde,🇬🇧 United Kingdom,Vanguard,Submarine base,1940
HMNB Devonport,🇬🇧 United Kingdom,Duke,Main operating base,1691
HMNB Portsmouth,🇬🇧 United Kingdom,Queen Elizabeth +5,Fleet headquarters,1194
INS Dwarka,🇮🇳 India,0,Support & logistics,1972
INS Dweeprakshak,🇮🇳 India,0,Main operating base,2012
Naval Base Name,Operated by,Homeported ships,Type,Established
INS Jarawa,🇮🇳 India,0,Main operating base,1964
INS Jatayu,🇮🇳 India,0,Main operating base,2024
INS Kadamba,🇮🇳 India,Vikramaditya +1,Main operating base,2005
INS Kalinga,🇮🇳 India,0,Support & logistics,1985
INS Kardip,🇮🇳 India,0,Main operating base,1973
INS Kattabomman,🇮🇳 India,0,Support & logistics,1990
INS Sardar Patel,🇮🇳 India,0,Support & logistics,2015
INS Vajrabahu,🇮🇳 India,0,Submarine base,1987
INS VarshaPlanned,🇮🇳 India,Arihant,Submarine base,2026
INS Venduruthy,🇮🇳 India,0,Fleet headquarters,1943
INS Virbahu,🇮🇳 India,0,Submarine base,1971
JMSDF Kure Naval Base,🇯🇵 Japan,0,Main operating base,1953
JMSDF Maizuru Naval Base,🇯🇵 Japan,0,Main operating base,1952
JMSDF Sasebo Naval Base,🇯🇵 Japan,Hayabusa,Main operating base,1953
JMSDF Yokosuka Naval Base,🇯🇵 Japan,0,Fleet headquarters,1952
JMSDF Ōminato Naval Base,🇯🇵 Japan,0,Main operating base,1953
JSDF Base Djibouti,🇯🇵 Japan · in 🇩🇯 Djibouti,0,Support & logistics,2011
Jask Naval Base,🇮🇷 Iran,0,Main operating base,0
Jeju Naval Base,🇰🇷 South Korea,0,Main operating base,2016
Jianggezhuang Naval Base,🇨🇳 China,Type 091 +1,Submarine base,0
Jinnah Naval Base,🇵🇰 Pakistan,Hangor,Main operating base,2000
Joint Base Pearl Harbor–Hickam,🇺🇸 United States,0,Fleet headquarters,1899
Joint Expeditionary Base Little Creek–Fort Story,🇺🇸 United States,0,Main operating base,2009
Kalmat Naval BasePlanned,🇵🇰 Pakistan,0,Main operating base,0
Karachi Naval Dockyard,🇵🇰 Pakistan,0,Shipyard & arsenal,1947
Kaspiysk Naval Base,🇷🇺 Russia,Gepard +1,Fleet headquarters,1932
Kiel Naval Base,🇩🇪 Germany,0,Fleet headquarters,0
King Abdulaziz Naval Base,🇸🇦 Saudi Arabia,0,Fleet headquarters,0
King Faisal Naval Base,🇸🇦 Saudi Arabia,0,Fleet headquarters,0
Konarak Naval Base,🇮🇷 Iran,0,Fleet headquarters,0
Kronstadt Naval Base,🇷🇺 Russia,0,Main operating base,1704
La Spezia Naval Base,🇮🇹 Italy,Maestrale +1,Main operating base,1862
Las Palmas Naval Base,🇪🇸 Spain,0,Main operating base,1948
Leningrad Naval Base,🇷🇺 Russia,0,Support & logistics,1919
Longpo Naval Base,🇨🇳 China,Type 094 +1,Submarine base,1955
Lüshun Naval Base,🇨🇳 China,0,Main operating base,1880
Madeira Island Submarine Base,🇧🇷 Brazil,0,Submarine base,2020
Makhachkala Naval Base,🇷🇺 Russia,0,Main operating base,0
Mar del Plata Naval Base,🇦🇷 Argentina,0,Submarine base,1826
Mischief Reef,🇨🇳 China · in 🇵🇭 Philippines,0,Main operating base,2016
Naval Amphibious Base Coronado,🇺🇸 United States,0,Main operating base,1944
Naval Base Coronado,🇺🇸 United States,0,Main operating base,1997
Naval Base Guam,🇺🇸 United States · in 🇬🇺 Guam,Los Angeles +2,Main operating base,1899
Naval Base Kitsap,🇺🇸 United States,0,Submarine base,1942
Naval Base Point Loma,🇺🇸 United States,Los Angeles,Submarine base,1959
Naval Base San Diego,🇺🇸 United States,0,Main operating base,1922
Naval Base Ventura County,🇺🇸 United States,0,Support & logistics,1942
Naval Dockyard Mumbai,🇮🇳 India,0,Fleet headquarters,1735
Naval Dockyard Visakhapatnam,🇮🇳 India,0,Fleet headquarters,1949
Naval Station Everett,🇺🇸 United States,Arleigh Burke,Main operating base,1994
Naval Base Name,Operated by,Homeported ships,Type,Established
Naval Station Great Lakes,🇺🇸 United States,0,Support & logistics,1911
Naval Station Guantanamo Bay,🇺🇸 United States · in 🇨🇺 Cuba,0,Main operating base,1903
Naval Station Mayport,🇺🇸 United States,Arleigh Burke +1,Main operating base,1942
Naval Station Newport,🇺🇸 United States,0,Support & logistics,1883
Naval Station Norfolk,🇺🇸 United States,Los Angeles +1,Main operating base,1917
Naval Station Rota,🇪🇸 Spain • 🇺🇸 United States,Arleigh Burke,Main operating base,1953
Naval Submarine Base Kings Bay,🇺🇸 United States,Columbia +1,Submarine base,1978
Naval Submarine Base New London,🇺🇸 United States,Los Angeles +1,Submarine base,1915
Naval Support Activity Bahrain,🇺🇸 United States · in 🇧🇭 Bahrain,0,Fleet headquarters,1971
Naval Support Activity Charleston,🇺🇸 United States,James Madison +3,Support & logistics,1941
Naval Support Activity Naples,🇺🇸 United States · in 🇮🇹 Italy,0,Fleet headquarters,1951
Naval Support Activity Panama City,🇺🇸 United States,0,Support & logistics,1945
Naval Support Facility Deveselu,🇺🇸 United States · in 🇷🇴 Romania,0,Support & logistics,1952
Naval Support Facility Diego Garcia,🇺🇸 United States · in 🇬🇧 United Kingdom,0,Support & logistics,1971
Naval Support Facility Redzikowo,🇺🇸 United States · in 🇵🇱 Poland,0,Support & logistics,2024
Naval Weapons Station Earle,🇺🇸 United States,0,Support & logistics,1943
Naval Weapons Station Seal Beach,🇺🇸 United States,0,Support & logistics,0
Naval Weapons Station Yorktown,🇺🇸 United States,0,Support & logistics,1918
Ngong Shuen Chau Naval Base,🇨🇳 China,0,Main operating base,1997
Ningbo Naval Base,🇨🇳 China,0,Fleet headquarters,1955
Norfolk Naval Shipyard,🇺🇸 United States,0,Shipyard & arsenal,1767
Novorossiysk Naval Base,🇷🇺 Russia,0,Main operating base,2003
Ochamchire Naval BasePlanned,🇷🇺 Russia · in 🇬🇪 Georgia,0,Main operating base,1933
Olenya Bay Naval Base,🇷🇺 Russia,Belgorod +1,Submarine base,1979
PLA Support Base in Djibouti,🇨🇳 China · in 🇩🇯 Djibouti,0,Support & logistics,2017
PNS Akram,🇵🇰 Pakistan,0,Main operating base,1983
PNS Himalaya,🇵🇰 Pakistan,0,Support & logistics,1943
PNS Qasim,🇵🇰 Pakistan,0,Main operating base,1990
Pearl Harbor Naval Shipyard,🇺🇸 United States,0,Shipyard & arsenal,1908
Polyarny Naval Base,🇷🇺 Russia,0,Main operating base,1896
Portsmouth Naval Shipyard,🇺🇸 United States,0,Shipyard & arsenal,1800
Puerto Belgrano Naval Base,🇦🇷 Argentina,Almirante Brown +1,Fleet headquarters,1896
Puget Sound Naval Shipyard,🇺🇸 United States,0,Shipyard & arsenal,1891
Qeshm Naval Base,🇮🇷 Iran,0,Main operating base,0
Qingdao Naval Base,🇨🇳 China,Type 001,Fleet headquarters,1950
RNAD Coulport,🇬🇧 United Kingdom,0,Support & logistics,1968
Ream Naval Base,🇨🇳 China • 🇰🇭 Cambodia,0,Support & logistics,0
Rio de Janeiro Navy Arsenal,🇧🇷 Brazil,0,Shipyard & arsenal,1763
Salamis Naval Base,🇬🇷 Greece,0,Fleet headquarters,1881
Sevastopol Naval Base,🇷🇺 Russia · in 🇺🇦 Ukraine,Kilo +1,Fleet headquarters,1783
Severodvinsk Naval Base,🇷🇺 Russia,0,Shipyard & arsenal,1936
Severomorsk Naval Base,🇷🇺 Russia,0,Fleet headquarters,1947
Subi Reef,🇨🇳 China,0,Main operating base,2015
Sürmene Naval Base,🇹🇷 Turkey,0,Main operating base,0
Tartus Naval BaseInactive,🇷🇺 Russia · in 🇸🇾 Syria,Admiral Sergei Gorshkov +1,Support & logistics,1971
Toulon Naval Base,🇫🇷 France,Charles de Gaulle,Fleet headquarters,1599
UK Joint Logistics Support Base Duqm,🇬🇧 United Kingdom · in 🇴🇲 Oman,0,Support & logistics,2018
UK Naval Support Facility Bahrain,🇬🇧 United Kingdom · in 🇧🇭 Bahrain,0,Main operating base,1935
Ushuaia Naval Base,🇦🇷 Argentina,0,Main operating base,1950
Vidyayevo Naval Base,🇷🇺 Russia,Akula +2,Submarine base,1958
Naval Base Name,Operated by,Homeported ships,Type,Established
Vilyuchinsk Naval Base,🇷🇺 Russia,0,Submarine base,1938
Vladivostok Naval Base,🇷🇺 Russia,0,Fleet headquarters,1871
Warnemünde Naval Base,🇩🇪 Germany,Braunschweig +1,Main operating base,1913
Wilhelmshaven Naval Base,🇩🇪 Germany,Brandenburg +2,Main operating base,1968
Yuchi Naval Base,🇨🇳 China,Type 001,Main operating base,1950
Yulin Naval Base,🇨🇳 China,0,Main operating base,0
Zapadnaya Litsa Naval Base,🇷🇺 Russia,0,Submarine base,1958
Zhanjiang Naval Base,🇨🇳 China,0,Fleet headquarters,1955
Zhoushan Naval Base,🇨🇳 China,0,Main operating base,0
Île Longue,🇫🇷 France,Le Triomphant,Submarine base,1972
İskenderun Naval Base,🇹🇷 Turkey,0,Main operating base,1953
