#,Country,AIRS Index (Air Inventory Rating of Strength),All aircraft,Δ YoY,Combat
1,🇺🇸 United States Air Force,100.0,"13,004",-39,"2,956"
2,🇨🇳 People's Liberation Army Air Force,74.5,"6,341","+2,928","3,222"
3,🇷🇺 Russian Air Force,53.2,"5,378","+1,088","1,524"
4,🇮🇳 Indian Air Force,34.7,"2,256",-42,588
5,🇯🇵 Japan Air Self-Defense Force,29.2,"1,410",-33,341
6,🇰🇷 Republic of Korea Air Force,28.5,"1,552",+3,374
7,🇸🇦 Royal Saudi Air Force,27.9,914,-3,384
8,🇫🇷 French Air and Space Force,27.5,"1,017",+41,264
9,🇹🇷 Turkish Air Force,23.8,"1,357",+259,299
10,🇩🇪 German Air Force,23.5,657,+72,224
11,🇮🇱 Israeli Air Force,23.5,525,+7,263
12,🇮🇹 Italian Air Force,23.2,778,+52,190
13,🇹🇼 Republic of China Air Force,23.2,714,-56,319
14,🇬🇧 Royal Air Force,22.6,673,+22,151
15,🇪🇬 Egyptian Air Force,21.7,"1,139",+50,557
16,🇵🇰 Pakistan Air Force,21.0,"1,506",+114,469
17,🇦🇪 United Arab Emirates Air Force,19.8,592,+57,135
18,🇬🇷 Hellenic Air Force,19.4,722,+106,217
19,🇦🇺 Royal Australian Air Force,19.2,382,+55,96
20,🇪🇸 Spanish Air and Space Force,18.5,509,+30,178
21,🇩🇿 Algerian Air Force,17.7,612,+10,156
22,🇶🇦 Qatar Emiri Air Force,15.6,283,+32,126
23,🇰🇵 Korean People's Army Air Force,14.6,"1,131",-3,571
24,🇨🇦 Royal Canadian Air Force,14.2,360,+9,92
25,🇧🇷 Brazilian Air Force,14.2,515,-13,146
26,🇵🇱 Polish Air Force,14.1,479,-3,68
27,🇸🇬 Republic of Singapore Air Force,13.9,231,+1,100
28,🇮🇩 Indonesian Air Force,13.8,483,+37,65
29,🇮🇷 Islamic Republic of Iran Air Force,13.5,659,+19,295
30,🇸🇪 Swedish Air Force,12.6,178,+10,96
31,🇺🇦 Ukraine Air Force,12.4,342,+1,137
32,🇳🇴 Royal Norwegian Air Force,11.9,111,+14,52
33,🇳🇱 Royal Netherlands Air Force,11.5,146,+26,40
34,🇹🇭 Royal Thai Air Force,11.4,481,-16,84
35,🇨🇱 Chilean Air Force,10.4,277,0,81
36,🇮🇶 Iraqi Air Force,10.4,396,+5,53
37,🇰🇼 Kuwait Air Force,10.2,134,+6,50
38,🇫🇮 Finnish Air Force,10.1,164,+1,62
39,🇩🇰 Royal Danish Air Force,9.7,123,-5,57
40,🇨🇴 Colombian Air Force,9.6,437,+3,43
41,🇧🇪 Belgian Air Component,9.6,107,-1,64
42,🇲🇦 Royal Moroccan Air Force,9.4,290,+30,92
43,🇸🇾 Syrian Arab Air Force,9.3,414,0,225
44,🇯🇴 Royal Jordanian Air Force,9.3,258,+12,73
45,🇲🇲 Myanmar/ Burma Air Force,9.2,338,+21,132
46,🇰🇿 Kazakh Air Defense Forces,8.8,186,-12,68
47,🇲🇾 Royal Malaysian Air Force,8.6,164,+30,25
48,🇻🇳 Vietnam People's Air Force,8.6,205,-41,71
49,🇧🇾 Air Force and Air Defence Forces of the Republic of Belarus,8.6,205,+21,100
50,🇲🇽 Mexican Air Force,8.1,431,-2,4
51,🇷🇴 Romanian Air Force,8.0,166,+24,49
52,🇨🇭 Swiss Air Force,8.0,148,+2,49
53,🇴🇲 Royal Air Force of Oman,7.9,126,+32,35
54,🇻🇪 Venezuelan Air Force,7.8,226,-2,54
55,🇺🇿 Uzbekistan Air and Air Defence Forces,7.7,196,+5,76
56,🇵🇭 Philippine Air Force,7.5,276,+85,17
57,🇿🇦 South African Air Force,7.5,192,+53,25
58,🇧🇭 Royal Bahraini Air Force,7.5,140,+8,48
59,🇵🇪 Peruvian Air Force,7.4,255,+2,42
60,🇦🇿 Azerbaijani Air Force,7.0,210,+56,39
61,🇦🇷 Argentine Air Force,6.9,247,+9,32
62,🇦🇴 National Air Force of Angola,6.8,280,-19,87
63,🇵🇹 Portuguese Air Force,6.7,100,+21,33
64,🇨🇿 Czech Air Force,6.5,114,+15,14
65,🇧🇩 Bangladesh Air Force,6.3,220,+5,79
66,🇧🇬 Bulgarian Air Force,6.2,79,+8,27
67,🇭🇺 Hungarian Air Force,6.1,86,+17,14
68,🇳🇬 Nigerian Air Force,6.0,182,+15,36
69,🇸🇩 Sudanese Air Force,5.9,184,+19,91
70,🇾🇪 Yemeni Air Force,5.9,156,-12,75
71,🇦🇹 Austrian Air Force,5.8,89,+4,15
72,🇷🇸 Serbian Air Force and Air Defence,5.7,151,+41,32
73,🇹🇲 Turkmen Air Force,5.7,92,+1,54
74,🇸🇰 Slovak Air Force,5.6,51,+5,14
75,🇪🇹 Ethiopian Air Force,5.4,99,-4,34
76,🇪🇨 Ecuadorian Air Force,5.3,105,+2,17
77,🇭🇷 Croatian Air Force and Air Defense,5.0,67,0,12
78,🇰🇪 Kenya Air Force,4.8,120,-34,23
79,🇹🇳 Tunisian Air Force,4.4,174,+6,13
80,🇦🇲 Armenian Air Force,4.3,69,-2,20
81,🇱🇰 Sri Lanka Air Force,4.0,99,+15,17
82,🇧🇴 Bolivian Air Force,3.7,70,+7,4
83,🇭🇳 Honduran Air Force,3.7,61,+4,20
84,🇱🇾 Libyan Air Force,3.5,80,-8,20
85,🇺🇬 Uganda Air Force,3.5,51,0,6
86,🇿🇼 Air Force of Zimbabwe,3.4,94,-10,21
87,🇳🇿 Royal New Zealand Air Force,3.4,47,+5,0
88,🇹🇩 Chadian Air Force,3.3,44,+7,9
89,🇧🇼 Botswanan Air Force,3.3,45,0,15
90,🇲🇳 Mongolian Air Force,3.3,22,+3,10
91,🇿🇲 Zambian Air Force,3.3,80,+3,15
92,🇵🇦 Panamanian National Aeronaval Service,3.2,40,+2,0
93,🇹🇿 Tanzania Air Force Command,3.2,43,+2,20
94,🇨🇩 Air Force of the Democratic Republic of the Congo,3.2,57,+3,6
95,🇩🇴 Dominican Air Force,3.1,77,-2,8
96,🇬🇪 Georgian Air Force,3.1,63,+1,11
97,🇵🇾 Paraguayan Air Force,3.0,56,+9,6
98,🇺🇾 Uruguayan Air Force,3.0,46,+3,6
99,🇮🇪 Irish Air Corps,2.9,27,+1,0
100,🇸🇻 Air Force of El Salvador,2.8,53,+1,6
101,🇬🇹 Guatemalan Air Force,2.8,37,+1,3
102,🇨🇲 Cameroonian Air Force,2.7,35,0,6
103,🇲🇱 Mali Air Force,2.6,43,0,12
104,🇯🇲 Jamaica Defence Force,2.6,17,-1,0
105,🇬🇶 Equatorial Guinea Air Force,2.5,27,+7,4
106,🇳🇪 Nigerien Air Force,2.5,25,+1,2
107,🇸🇳 Senegalese Air Force,2.5,40,0,0
108,🇧🇫 Burkina Faso Air Force,2.5,26,+1,3
109,🇸🇮 Slovenian Air Force and Air Defence,2.5,39,0,0
110,🇰🇭 Royal Cambodian Air Force,2.4,25,0,0
111,🇳🇵 Nepalese Army Air Service,2.3,22,+7,0
112,🇦🇫 Afghan Air Force,2.3,34,+5,1
113,🇲🇷 Mauritania Islamic Air Force,2.3,23,-1,4
114,🇬🇦 Gabonese Air Force,2.3,25,+1,6
115,🇳🇦 Namibian Air Force,2.2,34,0,22
116,🇪🇷 Eritrean Air Force,2.1,20,+1,2
117,🇨🇾 Air Command of Cyprus,2.1,13,+6,0
118,🇱🇧 Lebanese Air Force,2.1,64,-2,5
119,🇬🇭 Ghanaian Air Force,2.1,20,+1,4
120,🇩🇯 Djibouti Air Force,2.1,17,0,0
121,🇱🇦 Lao People's Liberation Army Air Force,2.1,32,-1,4
122,🇨🇮 Ivorian Air Force,2.1,17,-2,0
123,🇧🇳 Royal Brunei Air Force,2.0,26,0,0
124,🇬🇾 Guyana Defence Force Air Command,2.0,11,+7,0
125,🇱🇹 Lithuanian Air Force,1.9,11,+2,0
126,🇸🇸 South Sudan Air Force,1.8,20,0,0
127,🇲🇿 Mozambique Air Force,1.8,21,0,8
128,🇹🇹 Trinidad and Tobago Defence Force Air Guard,1.6,6,+4,0
129,🇲🇹 Air Wing of the Armed Forces of Malta,1.6,7,-2,0
130,🇨🇺 Cuban Revolutionary Air Force,1.6,20,-11,0
131,🇱🇸 Lesotho Defence Force – Air Squadron,1.6,9,0,0
132,🇨🇬 Air Force of the Republic of Congo,1.6,14,0,2
133,🇲🇼 Malawian Air Force,1.6,11,+1,0
134,🇳🇮 Nicaraguan Army Air Force,1.5,17,0,0
135,🇷🇼 Rwandan Air Force,1.5,21,0,0
136,🇦🇱 Albanian Air Force,1.5,19,0,0
137,🇱🇻 Latvian Air Force,1.5,7,+1,0
138,🇧🇯 Beninese Air Force,1.4,11,+6,0
139,🇲🇪 Montenegrin Air Force,1.4,11,0,0
140,🇹🇯 Tajik Air Force,1.3,26,+1,0
141,🇹🇬 Togolese Air Force,1.3,18,0,5
142,🇲🇻 Coast Guard Aviation Squadron,1.3,4,0,0
143,🇸🇨 Seychelles People's Defence Force Air Wing,1.2,4,+2,0
144,🇲🇩 Moldovan Air Force,1.2,5,+2,0
145,🇲🇰 Air Force of North Macedonia,1.2,20,0,0
146,🇰🇬 Kyrgyz Air Force,1.2,9,+2,0
147,🇵🇬 Papua New Guinea Air Wing,1.1,3,0,0
148,🇧🇮 Burundian Air Force,1.1,13,+1,0
149,🇪🇪 Estonian Air Force,1.0,5,0,0
150,🇧🇸 Royal Bahamas Defence Force Air Wing,1.0,2,0,0
151,🇧🇦 Air Force and Anti-Aircraft Defence of Bosnia and Herzegovina,1.0,15,-7,0
152,🇦🇬 Antigua and Barbuda Air Force,0.9,2,+1,0
153,🇧🇿 Belize Defence Force Air Wing,0.9,3,0,0
154,🇲🇬 Malagasy Air Force,0.9,4,0,0
155,🇬🇳 Guinean Air Force,0.8,7,0,0
156,🇬🇲 Gambian Air Force,0.7,1,+1,1
157,🇱🇺 Luxembourg Army Aviation,0.7,1,0,0
158,🇨🇫 Central African Republic Air Force,0.6,8,+2,0
159,🇸🇿 Military of Eswatini Air Wing,0.4,5,0,0
160,🇸🇷 Surinamese Air Force,0.4,3,0,0
161,🇸🇱 Sierra Leone Defence Force Air Force,0.3,1,0,0
162,🇧🇹 Bhutanese Air Force,0.3,2,0,0
